time_s,position_cm,theta_deg
0.0,,
0.0010000000000000009,,
0.0020000000000000018,-0.6050682878081279,-393.97508893799187
0.0030000000000000027,-0.590068287808128,-392.810650528114
0.0040000000000000036,-0.5700682878081281,-392.18961670951245
0.0050000000000000044,-0.5550682878081282,-391.44437612719065
0.006000000000000005,-0.5425682878081283,-391.08728168149474
0.007000000000000006,-0.527568287808128,-390.6587683466597
0.008000000000000007,-0.5075682878081281,-390.2302550118247
0.009000000000000008,-0.4925682878081279,-388.9913382455531
0.010000000000000009,-0.4750682878081278,-387.12290069989285
0.01100000000000001,-0.45756828780812775,-383.95574124233383
0.01200000000000001,-0.4425682878081279,-380.0521055481337
0.013000000000000012,-0.42756828780812767,-375.6870467593872
0.014000000000000012,-0.410068287808128,-371.5947136491503
0.015000000000000013,-0.3925682878081279,-367.47249973547133
0.016000000000000014,-0.377568287808128,-364.13551393499847
0.017000000000000015,-0.36006828780812794,-360.564473719819
0.018000000000000016,-0.34256828780812826,-356.69932382505
0.019000000000000017,-0.3250682878081282,-352.5774517564835
0.020000000000000018,-0.3075682878081281,-348.7119274943923
0.02100000000000002,-0.29006828780812804,-344.84644899169444
0.02200000000000002,-0.272568287808128,-340.9959327779634
0.02300000000000002,-0.2550682878081279,-337.1158686092395
0.02400000000000002,-0.24006828780812767,-333.4931013145191
0.025000000000000022,-0.22256828780812796,-329.37082870882614
0.026000000000000023,-0.20506828780812789,-324.7351220895514
0.027000000000000024,-0.19006828780812804,-320.3693150586599
0.028000000000000025,-0.17256828780812797,-315.77191485619045
0.029000000000000026,-0.15506828780812826,-311.16308013746004
0.030000000000000027,-0.14006828780812802,-306.7981515532066
0.031000000000000028,-0.12506828780812818,-302.4328356663455
0.03200000000000003,-0.1075682878081281,-297.7972663775322
0.03300000000000003,-0.09256828780812824,-293.41910411683625
0.03400000000000003,-0.07756828780812804,-288.7946176952837
0.03500000000000003,-0.06256828780812818,-283.93425973008544
0.03600000000000003,-0.04756828780812796,-279.085967291149
0.03700000000000003,-0.035068287808127964,-274.75081946548426
0.038000000000000034,-0.02506828780812782,-270.40987297221903
0.039000000000000035,-0.015068287808128033,-266.0681229047961
0.040000000000000036,-0.005068287808127891,-261.71655025880256
0.041000000000000036,0.0024317121918720373,-257.60876553826347
0.04200000000000004,0.009931712191871967,-252.9866220743521
0.04300000000000004,0.017431712191871895,-249.12954415063035
0.043999999999999984,0.029931712191871896,-245.52960362813633
0.044999999999999984,0.03993171219187168,-242.9582169444297
0.045999999999999985,0.052431712191871684,-241.15824616449567
0.046999999999999986,0.062431712191871824,-240.38683057975135
0.04799999999999999,0.06993171219187175,-239.46113187805804
0.04899999999999999,0.07243171219187197,-239.30684876110922
0.04999999999999999,0.07743171219187203,-239.1217090207706
0.05099999999999999,0.0824317121918721,-238.9365692804319
0.05199999999999999,0.08743171219187218,-237.72385850375042
0.05299999999999999,0.09743171219187233,-235.63775179817333
0.05399999999999999,0.10493171219187225,-233.29471047641482
0.05499999999999999,0.11243171219187217,-229.39802635392778
0.055999999999999994,0.1174317121918719,-225.037925889098
0.056999999999999995,0.12493171219187182,-220.92671214474802
0.057999999999999996,0.12993171219187188,-217.06209762928376
0.059,0.13743171219187184,-212.95052191745935
0.06,0.1424317121918719,-209.3859420572171
0.061,0.14993171219187218,-205.5140119961182
0.062,0.1574317121918721,-201.64996042691257
0.063,0.16493171219187203,-198.04187443662
0.064,0.17243171219187198,-193.89707739918305
0.065,0.1824317121918721,-190.01953241755376
0.066,0.18993171219187205,-186.39921801340836
0.067,0.19743171219187197,-182.508173935123
0.068,0.20743171219187212,-178.38620564575734
0.069,0.21743171219187224,-174.02069543411176
0.07,0.2249317121918722,-169.64174485333052
0.07100000000000001,0.23493171219187198,-165.01888489225917
0.07200000000000001,0.2424317121918719,-160.6669337123638
0.07300000000000001,0.24993171219187182,-156.04346414542874
0.07400000000000001,0.2549317121918719,-151.93343773974107
0.07500000000000001,0.26243171219187184,-147.57944893024006
0.07600000000000001,0.2674317121918719,-142.95520166473307
0.07700000000000001,0.2749317121918722,-138.07383170434537
0.07800000000000001,0.27993171219187224,-133.4582973484574
0.07900000000000001,0.2849317121918723,-129.10681413913875
0.08000000000000002,0.2874317121918725,-125.01742583586866
0.08100000000000002,0.28993171219187275,-120.92734625439539
0.08200000000000002,0.2924317121918726,-116.8404386991042
0.08300000000000002,0.2949317121918725,-112.48675213078332
0.08400000000000002,0.2974317121918723,-107.87054670946293
0.08500000000000002,0.2974317121918723,-102.9855998997333
0.08600000000000002,0.2974317121918723,-98.10061801275629
0.08700000000000002,0.2949317121918725,-94.24021351141153
0.08800000000000002,0.29993171219187253,-90.63622835449337
0.08900000000000002,0.30243171219187237,-87.801416524724
0.09000000000000002,0.30243171219187237,-86.00090546699255
0.09100000000000003,0.3074317121918721,-84.86872235517728
0.09200000000000003,0.309931712191872,-83.51010262099896
0.09300000000000003,0.3049317121918719,-82.92356378708962
0.09400000000000003,0.3049317121918719,-82.21971718639838
0.09500000000000003,0.30743171219187176,-81.51587058570726
0.09600000000000003,0.3049317121918719,-80.40280638884849
0.09700000000000003,0.3049317121918719,-78.49015045303975
0.09800000000000003,0.3049317121918719,-76.0643789643907
0.09900000000000003,0.30243171219187204,-72.45523457686738
0.10000000000000003,0.30243171219187204,-68.36450828251225
0.10100000000000003,0.30243171219187204,-64.27255712963324
0.10200000000000004,0.3049317121918719,-60.16616408811797
0.10300000000000004,0.30743171219187176,-55.78728797013002
0.10400000000000004,0.3099317121918716,-52.45248893316568
0.10500000000000004,0.3124317121918715,-48.812023133276284
0.10600000000000004,0.3149317121918713,-45.44616814357789
0.10699999999999998,0.3149317121918713,-42.350753896813785
0.10799999999999998,0.3149317121918713,-39.23629260559028
0.10899999999999999,0.3149317121918713,-35.60921514436848
0.10999999999999999,0.31743171219187155,-31.743575032162425
0.11099999999999999,0.3199317121918718,-27.585263980280615
0.11199999999999999,0.32243171219187194,-23.684264579789556
0.11299999999999999,0.32493171219187217,-20.07514008434532
0.11399999999999999,0.3274317121918724,-16.189582595719457
0.11499999999999999,0.32993171219187223,-12.304594359028101
0.11599999999999999,0.3324317121918721,-8.45803008690973
0.11699999999999999,0.33493171219187196,-4.354583370896307
0.118,0.33743171219187185,0.005773856488758611
0.119,0.3399317121918717,4.0902353385282595
0.12,0.3399317121918717,8.19307169499541
0.121,0.3399317121918717,12.058759983382174
0.122,0.3399317121918717,15.907877431600127
0.123,0.3399317121918717,19.75732915387323
0.124,0.3399317121918717,23.336041290363937
0.125,0.3399317121918717,27.142860334920215
0.126,0.33743171219187185,30.939925020973305
0.127,0.33493171219187196,34.746125209802585
0.128,0.3324317121918721,38.803435354652834
0.129,0.32993171219187223,43.13293676440162
0.13,0.32493171219187217,46.70485772847428
0.131,0.32243171219187194,50.801796853640894
0.132,0.3174317121918719,54.902746362015364
0.133,0.3124317121918718,58.75886263346831
0.134,0.3049317121918719,61.84377022333831
0.135,0.3049317121918719,65.03151592555844
0.136,0.30243171219187204,67.19096506211883
0.137,0.30243171219187204,68.5842388533448
0.138,0.2949317121918721,69.479875129564
0.139,0.289931712191872,71.17407521117536
0.14,0.27993171219187224,72.25129377481255
0.14100000000000001,0.27243171219187234,73.54395605117713
0.14200000000000002,0.26243171219187217,75.0951507828147
0.14300000000000002,0.26243171219187217,76.36769075620703
0.14400000000000002,0.25993171219187194,77.61092307123795
0.14500000000000002,0.2574317121918718,79.62359440797081
0.14600000000000002,0.25243171219187166,81.67733841351048
0.14700000000000002,0.24993171219187182,84.24219900089747
0.14800000000000002,0.24493171219187176,87.85132665151866
0.14900000000000002,0.2424317121918719,91.41822824193252
0.15000000000000002,0.23743171219187217,94.48349736780813
0.15100000000000002,0.2349317121918723,98.06281554705197
0.15200000000000002,0.23243171219187247,101.64310822193033
0.15300000000000002,0.2274317121918724,104.70561244606336
0.15400000000000003,0.22243171219187233,107.29784636543786
0.15500000000000003,0.2199317121918721,110.40746348607104
0.15600000000000003,0.2174317121918719,112.74651517180166
0.15700000000000003,0.21243171219187182,115.07047609891345
0.15800000000000003,0.20993171219187196,117.9090912896387
0.15900000000000003,0.20743171219187212,121.02040191776632
0.16000000000000003,0.20493171219187226,124.11625853048201
0.16100000000000003,0.2024317121918724,127.96677474421313
0.16200000000000003,0.19993171219187217,131.07692637454602
0.16300000000000003,0.19743171219187197,133.93288703767564
0.16400000000000003,0.19493171219187175,137.02894466706232
0.16500000000000004,0.19243171219187155,139.3552665534387
0.16600000000000004,0.18993171219187133,141.4400164488601
0.16700000000000004,0.18993171219187133,145.03356762587703
0.16800000000000004,0.18743171219187146,148.35365804877983
0.16899999999999998,0.1849317121918716,151.67446468963237
0.16999999999999998,0.18243171219187176,155.7655923555037
0.17099999999999999,0.1799317121918719,159.84474864263814
0.172,0.17743171219187204,163.18279517401038
0.173,0.17493171219187217,166.53484025130263
0.174,0.1724317121918723,169.604565126299
0.175,0.16993171219187247,172.68630983174273
0.176,0.1649317121918724,175.76918900534395
0.177,0.15993171219187233,178.83051418159403
0.178,0.1574317121918721,181.8783598823503
0.179,0.15243171219187204,184.70455868524868
0.18,0.14743171219187196,187.51013786434703
0.181,0.14493171219187212,190.57718078610753
0.182,0.13993171219187203,193.13432002025002
0.183,0.13493171219187197,195.9447851023873
0.184,0.12993171219187188,199.00084407790985
0.185,0.12493171219187182,202.06582642835622
0.186,0.1174317121918719,204.88138005094527
0.187,0.11243171219187217,207.9598173562182
0.188,0.10493171219187225,210.78595748381133
0.189,0.09743171219187233,213.61447963542446
0.19,0.08993171219187239,216.4437733696932
0.191,0.0824317121918721,219.27305907846744
0.192,0.07493171219187182,222.10163050703886
0.193,0.0674317121918719,224.4151730400839
0.194,0.0674317121918719,226.67714685881276
0.195,0.06493171219187169,228.16770448829607
0.196,0.06493171219187169,229.14398442898778
0.197,0.062431712191871824,229.6066929355967
0.198,0.05743171219187175,230.06940144220584
0.199,0.04993171219187183,230.16194314352776
0.2,0.03993171219187204,231.04094253643052
0.201,0.02993171219187225,231.91994192933305
0.202,0.02493171219187218,232.97474120081642
0.203,0.01993171219187211,234.24050032659636
0.20400000000000001,0.012431712191871825,234.643097474804
0.20500000000000002,0.009931712191871611,234.25923693143045
0.20600000000000002,0.00493171219187154,234.1322415364233
0.20700000000000002,-0.0025682878081283887,234.34320139072008
0.20800000000000002,-0.007568287808128104,234.5906434971531
0.20900000000000002,-0.01256828780812782,236.37981508537553
0.21000000000000002,-0.02006828780812775,238.69187494842674
0.21100000000000002,-0.02506828780812782,241.51787328708735
0.21200000000000002,-0.03006828780812789,244.0870618482087
0.21300000000000002,-0.035068287808127964,246.93409500133237
0.21400000000000002,-0.04006828780812803,249.49828154833597
0.21500000000000002,-0.045068287808128105,251.59664450670425
0.21600000000000003,-0.05006828780812818,253.3814248691889
0.21700000000000003,-0.055068287808128245,255.4250581483209
0.21800000000000003,-0.06006828780812832,257.20052999953407
0.21900000000000003,-0.06506828780812839,259.25911743387803
0.22000000000000003,-0.0700682878081281,261.2606401820285
0.22100000000000003,-0.07506828780812783,263.0620687093682
0.22200000000000003,-0.08006828780812754,264.86195363091394
0.22300000000000003,-0.08506828780812761,266.40471328194326
0.22400000000000003,-0.09006828780812767,267.69445349603086
0.22500000000000003,-0.09506828780812775,269.2372194076579
0.22600000000000003,-0.10006828780812782,270.5228585120034
0.22700000000000004,-0.1050682878081279,271.808500766894
0.22800000000000004,-0.11006828780812797,273.86553183192916
0.22900000000000004,-0.11506828780812803,275.66133427960006
0.23000000000000004,-0.11756828780812825,277.71837202765494
0.23100000000000004,-0.12256828780812831,279.7791541334585
0.23200000000000004,-0.1275682878081284,281.83986906217774
0.23300000000000004,-0.1325682878081281,283.39235477980526
0.23400000000000004,-0.13756828780812783,284.9387449582247
0.23500000000000004,-0.14256828780812753,286.7480142464866
0.23600000000000004,-0.1450682878081274,288.81869131477356
0.23700000000000004,-0.15006828780812748,290.6241235799156
0.23800000000000004,-0.15256828780812767,292.16639624600487
0.23900000000000005,-0.15756828780812776,293.7146857985597
0.24000000000000005,-0.16256828780812782,295.01781967312684
0.24100000000000005,-0.16756828780812788,296.30273587464774
0.24200000000000005,-0.17256828780812797,297.33870624465453
0.24300000000000005,-0.17756828780812803,299.15537535804106
0.24400000000000005,-0.18006828780812825,300.71499299592574
0.24500000000000005,-0.18256828780812845,302.05454973160977
0.24600000000000005,-0.18756828780812854,303.1471720025663
0.24700000000000005,-0.1900682878081284,304.4583187277143
0.24800000000000005,-0.19256828780812824,305.24560662972794
0.24900000000000005,-0.1950682878081281,306.5598363593641
0.25000000000000006,-0.20006828780812783,307.56214256142334
0.25100000000000006,-0.2025682878081277,308.83635789597133
0.25200000000000006,-0.20506828780812753,310.66198648385955
0.25300000000000006,-0.2075682878081274,312.48743618535207
0.25400000000000006,-0.21006828780812725,313.80259376869583
0.25500000000000006,-0.21256828780812748,315.11775135203936
0.25600000000000006,-0.21506828780812767,316.4175425073688
0.25700000000000006,-0.2175682878081279,317.2222681952402
0.25800000000000006,-0.2200682878081281,318.0267573085184
0.25900000000000006,-0.22256828780812832,319.0909714147459
0.26000000000000006,-0.22256828780812832,320.667797137771
0.26100000000000007,-0.22256828780812832,321.9880801563214
0.26200000000000007,-0.22506828780812818,323.03349093479846
0.26299999999999996,-0.22756828780812804,323.82247725401896
0.26399999999999996,-0.23006828780812788,324.84774843480045
0.26499999999999996,-0.23256828780812774,325.61675512282557
0.26599999999999996,-0.2350682878081276,326.64212017028615
0.26699999999999996,-0.2350682878081276,327.6674852177466
0.26799999999999996,-0.2350682878081276,328.96997648841045
0.26899999999999996,-0.2350682878081276,329.9954314597427
0.26999999999999996,-0.2350682878081276,331.02092998300645
0.27099999999999996,-0.2350682878081276,331.7900701468353
0.27199999999999996,-0.2350682878081276,332.57968072838935
0.27299999999999996,-0.2350682878081276,333.34842580462373
0.27399999999999997,-0.2350682878081276,334.137820356922
0.27499999999999997,-0.2350682878081276,334.6708242332468
0.27599999999999997,-0.2350682878081276,335.20382810957165
0.27699999999999997,-0.2350682878081276,336.20902161412755
0.27799999999999997,-0.2350682878081276,336.9579544007996
0.27899999999999997,-0.2350682878081276,337.4506144467557
0.27999999999999997,-0.2350682878081276,337.9432744927118
0.28099999999999997,-0.2350682878081276,338.6923748104964
0.282,-0.2350682878081276,338.9488150823246
0.283,-0.2350682878081276,339.2052553541531
0.284,-0.2350682878081276,339.4616956259815
0.285,-0.2350682878081276,339.9745854995921
0.286,-0.2350682878081276,340.23103510137446
0.287,-0.2350682878081276,340.48748470315695
0.288,-0.2350682878081276,340.74393430493944
0.289,-0.2350682878081276,341.0003839067218
0.29,-0.2350682878081276,341.0003839067218
0.291,-0.2350682878081276,341.0003839067218
0.292,-0.2350682878081276,341.0003839067218
0.293,-0.2350682878081276,341.0003839067218
0.294,-0.2350682878081276,341.25684265408324
0.295,-0.23256828780812774,341.51330140144455
0.296,-0.23256828780812774,342.0262278621914
0.297,-0.23006828780812788,342.3022136825258
0.298,-0.22756828780812804,342.5781995028607
0.299,-0.22506828780812818,342.57819950286046
0.3,-0.22506828780812818,342.57819950286046
0.301,-0.22256828780812832,342.32173178947517
0.302,-0.22256828780812832,342.30220471650205
0.303,-0.22256828780812832,342.26484001916526
0.304,-0.22256828780812832,341.9904253091797
0.305,-0.22256828780812832,341.7160105991944
0.306,-0.22256828780812832,341.459551851833
0.307,-0.22256828780812832,341.2030931044717
0.308,-0.2200682878081281,340.96447198147393
0.309,-0.2175682878081279,340.9824279440978
0.31,-0.21506828780812767,341.0003839067218
0.311,-0.21256828780812748,340.9824279440978
0.312,-0.21006828780812725,340.7079024647197
0.313,-0.21006828780812725,340.4333769853414
0.314,-0.21006828780812725,340.176927383559
0.315,-0.2075682878081274,339.9204777817765
0.316,-0.20506828780812753,339.68198414261826
0.317,-0.2025682878081277,339.4436197483856
0.318,-0.20006828780812783,339.18705795323183
0.319,-0.19756828780812796,338.91242028048237
0.32,-0.19756828780812796,338.3995492561372
0.321,-0.19756828780812796,337.8683576666996
0.322,-0.19756828780812796,337.3555058754871
0.323,-0.1950682878081281,336.86085148519555
0.324,-0.19256828780812824,336.36619709490424
0.325,-0.1900682878081284,335.8347929808025
0.326,-0.18756828780812854,335.0651801351588
0.327,-0.18506828780812867,334.53366776311793
0.328,-0.18506828780812867,334.00215539107717
0.329,-0.18256828780812845,333.4893432600087
0.33,-0.18006828780812825,333.25151420434634
0.331,-0.17756828780812803,332.73848144127726
0.332,-0.17506828780812783,332.2254486782083
0.333,-0.1725682878081276,331.45591281328245
0.334,-0.1725682878081276,330.66767670738443
0.335,-0.17006828780812774,329.8794406014864
0.336,-0.16756828780812788,329.62293749962953
0.337,-0.16506828780812804,328.83592220728144
0.338,-0.16256828780812818,328.0488083659038
0.339,-0.16006828780812832,327.2616945245263
0.34,-0.16006828780812832,326.2357751484702
0.341,-0.1575682878081281,324.93548180489177
0.342,-0.1550682878081279,324.1657006518045
0.343,-0.15256828780812767,323.37978528022825
0.34400000000000003,-0.15006828780812748,322.593869908652
0.34500000000000003,-0.14756828780812725,321.80634935053763
0.34600000000000003,-0.14756828780812725,321.0366422684026
0.34700000000000003,-0.1450682878081274,319.99385938809644
0.34800000000000003,-0.14256828780812753,318.96714406316016
0.34900000000000003,-0.1400682878081277,317.68376770437465
0.35000000000000003,-0.13756828780812783,316.3841484817767
0.35100000000000003,-0.13506828780812796,315.3410897507223
0.35200000000000004,-0.1325682878081281,314.571106817839
0.35300000000000004,-0.13006828780812824,314.042867347643
0.35400000000000004,-0.1275682878081284,313.2577705658641
0.35500000000000004,-0.12506828780812854,312.45932972449464
0.35600000000000004,-0.12256828780812867,311.4173926814201
0.35700000000000004,-0.12006828780812846,310.37545563834556
0.35800000000000004,-0.11756828780812825,309.09170607988654
0.35900000000000004,-0.11506828780812803,307.79433931079416
0.36000000000000004,-0.11256828780812782,306.7669701863209
0.36100000000000004,-0.10756828780812774,305.7262673804414
0.36200000000000004,-0.1050682878081279,304.6855645745618
0.36300000000000004,-0.10256828780812803,303.3879551197588
0.36400000000000005,-0.10006828780812818,302.34869498773844
0.36500000000000005,-0.09756828780812832,301.05252450088244
0.36600000000000005,-0.09506828780812811,299.7562775454329
0.36700000000000005,-0.0925682878081279,298.45006281037274
0.36800000000000005,-0.09006828780812767,297.1536595971236
0.36900000000000005,-0.08756828780812746,296.11590023725125
0.37000000000000005,-0.08256828780812739,294.8130557359291
0.37100000000000005,-0.08006828780812754,293.5100677564325
0.37200000000000005,-0.07756828780812768,291.9681770125309
0.37300000000000005,-0.07506828780812783,290.6731473053211
0.37400000000000005,-0.0700682878081281,289.12296282002933
0.37500000000000006,-0.06756828780812825,287.8317247429759
0.37600000000000006,-0.06506828780812839,286.5465019067657
0.37700000000000006,-0.06006828780812832,285.5101496145711
0.37800000000000006,-0.055068287808128245,284.46760918044777
0.37900000000000006,-0.052568287808128035,283.1724309119039
0.38000000000000006,-0.05006828780812782,281.8869521696589
0.38100000000000006,-0.04506828780812775,280.59541506573225
0.38200000000000006,-0.042568287808127894,279.0455705410204
0.38300000000000006,-0.04006828780812803,277.758885615361
0.38400000000000006,-0.035068287808127964,276.7327986969776
0.38500000000000006,-0.03006828780812789,275.96006134034303
0.38600000000000007,-0.02756828780812768,275.18728760150805
0.38700000000000007,-0.022568287808127606,274.1585634717154
0.38799999999999996,-0.017568287808127536,272.8727108812669
0.38899999999999996,-0.015068287808127679,271.32993929345844
0.38999999999999996,-0.010068287808127963,269.5286273742553
0.39099999999999996,-0.005068287808128247,267.98444478796955
0.39199999999999996,-0.0025682878081283887,266.4402342991416
0.39299999999999996,0.002431712191871682,265.15315227096903
0.39399999999999996,0.007431712191871753,264.12318336814565
0.39499999999999996,0.009931712191871967,262.83896404851123
0.39599999999999996,0.014931712191872037,261.2976194583605
0.39699999999999996,0.01993171219187211,259.756311312649
0.39799999999999996,0.022431712191871966,258.21500316693744
0.39899999999999997,0.027431712191872036,256.67371391003906
0.39999999999999997,0.03243171219187211,255.14382100528815
0.40099999999999997,0.03743171219187218,253.6059602127158
0.40199999999999997,0.04243171219187225,252.3203452137766
0.40299999999999997,0.04993171219187218,250.777608762186
0.40399999999999997,0.054931712191871894,248.4635163317696
0.40499999999999997,0.059931712191871614,246.1365821886909
0.40599999999999997,0.06493171219187169,244.0747412039501
0.407,0.06993171219187175,241.76067046194657
0.408,0.07493171219187182,239.44660571333714
0.409,0.0799317121918719,237.65263496327736
0.41,0.08493171219187197,236.11587726114135
0.411,0.08993171219187204,234.57318724784034
0.412,0.0949317121918721,233.54473046801502
0.413,0.09743171219187233,232.56769779148237
0.414,0.10243171219187239,231.90364452824872
0.415,0.10993171219187232,231.36380367316485
0.416,0.11243171219187217,230.82989512924667
0.417,0.11493171219187204,229.7819253682684
0.418,0.12243171219187196,228.41852149899455
0.419,0.12493171219187182,226.4793402197481
0.42,0.12493171219187182,224.67296959314865
0.421,0.1274317121918717,222.35248051597011
0.422,0.13243171219187175,220.02128133024564
0.423,0.13743171219187184,216.93043913748534
0.424,0.13993171219187203,213.83119114898602
0.425,0.14493171219187212,210.7319431604866
0.426,0.14993171219187218,207.37331164066688
0.427,0.15493171219187224,204.53945144645309
0.428,0.15493171219187224,202.7349030507537
0.429,0.15993171219187233,200.68151741286965
0.43,0.1649317121918724,197.8568158948956
0.431,0.16993171219187247,195.80561635882088
0.432,0.17493171219187217,193.5092000213251
0.433,0.1799317121918719,190.95017181095704
0.434,0.1849317121918716,188.90550717489054
0.435,0.1899317121918717,187.3751286980256
0.436,0.19493171219187175,185.59618600404428
0.437,0.19743171219187197,183.291538040668
0.438,0.19993171219187217,181.02269553738392
0.439,0.20493171219187226,179.25444297696652
0.44,0.20743171219187212,176.9864751164912
0.441,0.20993171219187196,174.7428262498297
0.442,0.21243171219187182,172.7398029235037
0.443,0.21493171219187168,170.7193157621117
0.444,0.2174317121918719,168.71230206675443
0.445,0.2199317121918721,166.968471102889
0.446,0.22243171219187233,164.9575704900558
0.447,0.22493171219187252,162.9429861408929
0.448,0.22743171219187275,160.65527539007292
0.449,0.22743171219187275,157.83444282767084
0.45,0.22743171219187275,155.29409777175454
0.451,0.22743171219187275,152.9662959881489
0.452,0.2299317121918726,150.89521300699073
0.453,0.23243171219187247,149.0803005781504
0.454,0.2349317121918723,147.2660802066788
0.455,0.23743171219187217,145.15205413511023
0.456,0.23993171219187204,142.80396158354483
0.457,0.23993171219187204,140.22033676530282
0.458,0.23993171219187204,137.61761507109213
0.459,0.23993171219187204,135.03432402619092
0.46,0.23993171219187204,132.68998400339558
0.461,0.23993171219187204,130.32961315221644
0.462,0.23993171219187204,127.45518195555599
0.463,0.23993171219187204,124.59914728597539
0.464,0.23993171219187204,122.25611172129868
0.465,0.23993171219187204,119.65914294337244
0.466,0.23993171219187204,117.07746824456615
0.467,0.23993171219187204,115.0090983555283
0.468,0.23993171219187204,112.9276308077375
0.46900000000000003,0.2424317121918719,110.8461632599467
0.47000000000000003,0.24493171219187176,109.03568814007986
0.47100000000000003,0.2474317121918716,106.95719803743646
0.47200000000000003,0.24993171219187146,104.87835148963461
0.47300000000000003,0.2524317121918713,103.0602202116579
0.47400000000000003,0.2524317121918713,100.7280299600942
0.47500000000000003,0.2524317121918713,98.13866022958007
0.47600000000000003,0.2524317121918713,96.07385909517973
0.47700000000000004,0.2524317121918713,94.00892891788692
0.47800000000000004,0.2524317121918713,91.95275087263497
0.47900000000000004,0.2524317121918713,89.89661348731306
0.48000000000000004,0.25493171219187155,88.09752107456268
0.48100000000000004,0.2574317121918718,86.03422952277936
0.48200000000000004,0.25993171219187194,84.22789550818595
0.48300000000000004,0.26243171219187217,81.90281544924358
0.48400000000000004,0.2649317121918724,79.83462885212668
0.48500000000000004,0.2649317121918724,77.76632258965856
0.48600000000000004,0.2649317121918724,75.96211271377672
0.48700000000000004,0.2649317121918724,74.21333399859998
0.48800000000000004,0.26743171219187223,72.43817775536786
0.48900000000000005,0.2699317121918721,70.13778388799653
0.49000000000000005,0.27243171219187196,67.8375798224589
0.49100000000000005,0.27493171219187185,65.0237310267812
0.49200000000000005,0.2774317121918717,62.15461794063697
0.49300000000000005,0.2774317121918717,59.5738415942684
0.49400000000000005,0.2774317121918717,57.26165689589959
0.49500000000000005,0.2774317121918717,54.69266811477985
0.49600000000000005,0.2774317121918717,52.89444803213007
0.49700000000000005,0.2774317121918717,50.99349428032485
0.49800000000000005,0.2774317121918717,49.226149986530686
0.49900000000000005,0.2774317121918717,47.61910766194842
0.5,0.2774317121918717,46.52580403629861
0.5010000000000001,0.2799317121918719,45.21383968551868
0.502,0.28243171219187213,44.26151935126882
0.5030000000000001,0.27993171219187224,43.49892570052987
0.504,0.2774317121918724,43.08980090854993
0.5050000000000001,0.2749317121918725,41.898707920659604
0.506,0.26993171219187245,40.145330438657425
0.5070000000000001,0.2649317121918724,37.8690906841631
0.508,0.2649317121918724,35.26929665971579
0.5090000000000001,0.2649317121918724,31.37662931981572
0.51,0.2649317121918724,28.248790756508356
0.5110000000000001,0.2649317121918724,25.398452941635355
0.512,0.2649317121918724,22.556822964027788
0.5129999999999999,0.2649317121918724,19.72983188857063
0.514,0.2649317121918724,17.938724896561894
0.5149999999999999,0.2649317121918724,15.650784245293607
0.516,0.2649317121918724,13.095342390788687
0.5169999999999999,0.2649317121918724,10.797076931938705
0.518,0.2649317121918724,8.484240816086412
0.5189999999999999,0.2649317121918724,6.171421953077129
0.52,0.2649317121918724,3.868947649088909
0.5209999999999999,0.2649317121918724,1.8493004317064106
0.522,0.26243171219187217,-0.6835565733775866
0.5229999999999999,0.25993171219187194,-2.959182184030624
0.524,0.2574317121918718,-5.475424196591689
0.5249999999999999,0.25493171219187155,-7.727031049262109
0.526,0.2524317121918713,-10.0213011567605
0.5269999999999999,0.24993171219187146,-12.074891739672012
0.528,0.2474317121918716,-14.38510102318503
0.5289999999999999,0.24493171219187176,-16.437684416420097
0.53,0.2424317121918719,-18.507812121913958
0.5309999999999999,0.23743171219187217,-20.849249545512066
0.532,0.2349317121918723,-23.159055099745615
0.5329999999999999,0.23243171219187247,-25.212132614513052
0.534,0.2274317121918724,-27.81106881474227
0.5349999999999999,0.22243171219187233,-30.410163189256764
0.536,0.2199317121918721,-32.463855195451174
0.5369999999999999,0.2174317121918719,-34.53302858720406
0.538,0.21243171219187182,-37.130500404798795
0.5389999999999999,0.20993171219187196,-39.198913209685884
0.54,0.20743171219187212,-41.52413640849193
0.5409999999999999,0.20243171219187203,-44.11961224286949
0.542,0.19743171219187197,-46.445000374732786
0.5429999999999999,0.19493171219187175,-48.5127153723688
0.544,0.1899317121918717,-50.84918419814005
0.5449999999999999,0.1849317121918716,-52.91708867396119
0.546,0.18243171219187176,-54.98384039575012
0.5469999999999999,0.17743171219187204,-57.321122274599816
0.548,0.1724317121918723,-59.64495246514741
0.5489999999999999,0.16993171219187247,-61.96754195242852
0.55,0.1649317121918724,-64.55912929293606
0.5509999999999999,0.15993171219187233,-66.88189258651187
0.552,0.1574317121918721,-68.95630312879257
0.5529999999999999,0.1549317121918719,-70.51693070940132
0.554,0.14993171219187182,-72.58772715480507
0.5549999999999999,0.14743171219187196,-74.40167680752143
0.556,0.14493171219187212,-76.73386952450653
0.5569999999999999,0.13993171219187203,-79.31085579115393
0.558,0.13493171219187197,-81.88784205780121
0.5589999999999999,0.13243171219187175,-83.43038417123933
0.56,0.1274317121918717,-85.49123601856388
0.5609999999999999,0.12243171219187161,-86.77687977496078
0.562,0.11993171219187175,-88.06795062237109
0.563,0.1174317121918719,-89.61616432692438
0.5640000000000001,0.11243171219187217,-91.67866374576317
0.565,0.10993171219187232,-93.48004619428389
0.5660000000000001,0.10743171219187246,-95.28142864280437
0.567,0.10493171219187261,-97.07989808478658
0.5680000000000001,0.09993171219187254,-99.1354730559708
0.569,0.09743171219187233,-100.6767623128693
0.5700000000000001,0.0949317121918721,-102.47025340987807
0.571,0.09243171219187189,-105.03999032519937
0.5720000000000001,0.08743171219187182,-107.0969720842528
0.573,0.08493171219187197,-109.15394545493075
0.5740000000000001,0.0824317121918721,-111.46803788534714
0.575,0.07993171219187226,-113.52987887008783
0.5760000000000001,0.07493171219187218,-115.3297072699923
0.577,0.07243171219187197,-117.38665112915407
0.5780000000000001,0.06993171219187175,-118.92935499034621
0.579,0.06743171219187154,-120.9803488012027
0.5800000000000001,0.06243171219187147,-123.03726174594334
0.581,0.059931712191871614,-124.5799414572079
0.5820000000000001,0.054931712191871894,-126.17404165146809
0.583,0.05243171219187204,-128.08696188458026
0.5840000000000001,0.04493171219187211,-129.61705715491246
0.585,0.03993171219187204,-130.93301623670635
0.5860000000000001,0.034931712191871966,-132.24897531850024
0.587,0.029931712191871896,-133.75785856871045
0.5880000000000001,0.019931712191871752,-135.72610937855217
0.589,0.019931712191871752,-138.08885982010474
0.5900000000000001,0.014931712191871681,-140.65976875367505
0.591,0.007431712191871753,-143.23067768724542
0.5920000000000001,0.002431712191871682,-145.5572144427718
0.593,-6.82878081281757e-05,-147.3626509604951
0.5940000000000001,-0.010068287808127963,-148.90517676930307
0.595,-0.010068287808127963,-151.22937021038234
0.5960000000000001,-0.01256828780812782,-154.06854434136585
0.597,-0.015068287808127679,-156.63939066428048
0.5980000000000001,-0.02006828780812775,-158.9643895019583
0.599,-0.022568287808127963,-161.24021513775364
0.6000000000000001,-0.03256828780812775,-162.22019559519333
0.601,-0.03756828780812782,-162.88119145421683
0.6020000000000001,-0.042568287808127894,-163.5534271886836
0.603,-0.04756828780812796,-164.46278457837911
0.6040000000000001,-0.052568287808128035,-165.68356939043838
0.605,-0.0575682878081281,-167.14950148261983
0.6060000000000001,-0.06256828780812818,-168.92518854181856
0.607,-0.06756828780812825,-170.71599485214523
0.6080000000000001,-0.07256828780812796,-172.7473407739568
0.609,-0.07756828780812768,-174.01220100333597
0.6100000000000001,-0.08006828780812754,-175.2788910550816
0.611,-0.08506828780812761,-176.2967459499597
0.6120000000000001,-0.09006828780812767,-177.544718545781
0.613,-0.09506828780812775,-178.78911247330473
0.6140000000000001,-0.10006828780812782,-180.0385262979578
0.615,-0.1075682878081281,-181.7959554712359
0.6160000000000001,-0.11256828780812818,-183.2964687428764
0.617,-0.1200682878081281,-184.79143987137786
0.6180000000000001,-0.12506828780812818,-186.05761434755414
0.619,-0.1325682878081281,-187.58250445313172
0.6200000000000001,-0.13756828780812783,-188.5917530817038
0.621,-0.14506828780812775,-190.07404489499459
0.6220000000000001,-0.1500682878081278,-191.31664189935327
0.623,-0.1550682878081279,-192.30271308217772
0.6240000000000001,-0.16006828780812796,-193.52754644024662
0.625,-0.16506828780812804,-194.5341041827037
0.6260000000000001,-0.1700682878081281,-195.30274473910845
0.627,-0.17506828780812816,-196.07138529551315
0.6280000000000001,-0.18006828780812825,-197.11756916047966
0.629,-0.1850682878081283,-198.16393965805673
0.6300000000000001,-0.19256828780812824,-199.42374372150243
0.631,-0.19756828780812796,-200.70455816306588
0.6320000000000001,-0.2025682878081277,-202.00730788504939
0.633,-0.2100682878081276,-203.24286394053655
0.6340000000000001,-0.21506828780812767,-203.98963181849945
0.635,-0.2175682878081279,-204.50189077209728
0.6360000000000001,-0.22256828780812796,-205.0141218405559
0.637,-0.22756828780812804,-205.76051174197448
0.6379999999999999,-0.2325682878081281,-206.808695879766
0.639,-0.23756828780812816,-207.8330423632292
0.6399999999999999,-0.24256828780812825,-209.13630605262233
0.641,-0.2475682878081283,-210.41662668285772
0.6419999999999999,-0.2525682878081284,-211.46388447009872
0.643,-0.25506828780812824,-211.97596710851576
0.6439999999999999,-0.2575682878081281,-212.76726408449076
0.645,-0.2625682878081278,-213.2796438545359
0.6459999999999999,-0.2650682878081277,-213.83653652387602
0.647,-0.27006828780812775,-214.6050436242876
0.6479999999999999,-0.2750682878081278,-215.41824822677745
0.649,-0.28006828780812787,-216.22847781949645
0.6499999999999999,-0.285068287808128,-217.2951424704993
0.651,-0.29006828780812804,-218.0841287897199
0.6519999999999999,-0.2925682878081279,-218.38203434919978
0.653,-0.29506828780812777,-218.65827367698688
0.6539999999999999,-0.30006828780812783,-219.171133194527
0.655,-0.30256828780812806,-219.4275576537832
0.6559999999999999,-0.3050682878081282,-219.94039573374016
0.657,-0.30756828780812845,-220.72812749135386
0.6579999999999999,-0.3125682878081285,-221.77240195344217
0.659,-0.3150682878081284,-222.30381689799037
0.6599999999999999,-0.31756828780812824,-222.59521323800703
0.661,-0.3200682878081281,-222.63019595732294
0.6619999999999999,-0.32256828780812796,-222.8867386617976
0.663,-0.3250682878081278,-223.14327216594944
0.6639999999999999,-0.3275682878081277,-223.3998056701014
0.665,-0.3300682878081275,-224.16978860298468
0.6659999999999999,-0.3325682878081274,-224.93977153586798
0.667,-0.33506828780812725,-225.21308227919116
0.6679999999999999,-0.33506828780812725,-225.22985951836245
0.669,-0.3375682878081275,-225.5032903425623
0.6699999999999999,-0.3400682878081277,-225.50329034256225
0.671,-0.34256828780812787,-225.51821519388028
0.6719999999999999,-0.3450682878081281,-225.78979363022694
0.673,-0.3475682878081283,-226.06137206657354
0.6739999999999999,-0.3475682878081283,-226.33305908143683
0.675,-0.3475682878081283,-226.60474609630018
0.6759999999999999,-0.3475682878081283,-226.60474609630023
0.677,-0.3475682878081283,-226.60474609630023
0.6779999999999999,-0.3475682878081283,-226.60474609630018
0.679,-0.35006828780812815,-226.34798393275486
0.6799999999999999,-0.35256828780812804,-226.09122176920954
0.681,-0.3550682878081279,-226.34798393275491
0.6819999999999999,-0.35756828780812777,-226.61778722891393
0.683,-0.3600682878081276,-226.887590525073
0.6839999999999999,-0.3600682878081276,-227.15739382123212
0.685,-0.3600682878081276,-227.4271971173912
0.6859999999999999,-0.3600682878081276,-227.44023825000494
0.687,-0.3600682878081276,-227.44023825000494
0.688,-0.3600682878081276,-227.45127708728364
0.6890000000000001,-0.3600682878081276,-227.4623159245623
0.69,-0.3600682878081276,-227.46231592456223
0.6910000000000001,-0.3600682878081276,-227.20545292549104
0.692,-0.35756828780812777,-226.67888162176308
0.6930000000000001,-0.3550682878081279,-226.14127148075642
0.694,-0.35256828780812804,-225.3468876216043
0.6950000000000001,-0.35006828780812815,-224.56354259973085
0.696,-0.3475682878081283,-224.03706057692864
0.6970000000000001,-0.3475682878081283,-223.7802868587832
0.698,-0.3475682878081283,-223.5235131406377
0.6990000000000001,-0.3475682878081283,-223.5235131406377
0.7,-0.3475682878081283,-223.5235131406377
0.7009999999999998,-0.3450682878081281,-223.27938076464648
0.702,-0.34256828780812787,-222.76581671041782
0.7029999999999998,-0.3400682878081277,-222.25225265618928
0.704,-0.3375682878081275,-221.73868860196075
0.7049999999999998,-0.33506828780812725,-221.22512454773215
0.706,-0.33506828780812725,-220.94121543469026
0.7069999999999999,-0.33506828780812725,-220.9267379998857
0.708,-0.33506828780812725,-220.65557817674738
0.7089999999999999,-0.3325682878081274,-220.14199278366095
0.71,-0.3300682878081275,-219.35744792226222
0.7109999999999999,-0.3275682878081277,-218.58738049566807
0.712,-0.3250682878081278,-217.81731306907398
0.7129999999999999,-0.32256828780812796,-217.3039280308136
0.714,-0.32256828780812796,-217.28966440871068
0.7149999999999999,-0.32256828780812796,-217.54636025492016
0.716,-0.3200682878081281,-217.28965789976314
0.7169999999999999,-0.31756828780812824,-216.7604383743963
0.718,-0.3150682878081284,-216.2312188490294
0.7189999999999999,-0.3125682878081285,-215.44530347745325
0.72,-0.3100682878081287,-214.65938810587699
0.7209999999999999,-0.3100682878081287,-214.40267938279186
0.722,-0.3100682878081287,-214.4184878299164
0.7229999999999999,-0.30756828780812845,-214.1618861790301
0.724,-0.3050682878081282,-213.8877510314719
0.7249999999999999,-0.30256828780812806,-213.37454002222626
0.726,-0.30006828780812783,-212.84552056585585
0.7269999999999999,-0.2975682878081276,-212.0598842069698
0.728,-0.29506828780812777,-211.25390671551708
0.7289999999999999,-0.2925682878081279,-210.46546272073613
0.73,-0.29006828780812804,-209.9350567867474
0.7309999999999999,-0.28756828780812815,-209.40465085275866
0.732,-0.2850682878081283,-209.13086182128575
0.7329999999999999,-0.2850682878081283,-208.89331200380758
0.734,-0.2825682878081281,-208.38054119887096
0.7349999999999999,-0.28006828780812787,-207.61097913916728
0.736,-0.2775682878081277,-206.84141707946355
0.7369999999999999,-0.2750682878081275,-206.07185501975982
0.738,-0.27256828780812725,-205.5756161256055
0.7389999999999999,-0.27256828780812725,-205.33778706994303
0.74,-0.2700682878081274,-204.80638295584123
0.7409999999999999,-0.2675682878081275,-204.27497884173948
0.742,-0.2650682878081277,-203.74357472763768
0.7429999999999999,-0.2625682878081278,-203.19535946456938
0.744,-0.26006828780812796,-202.425721998872
0.7449999999999999,-0.26006828780812796,-202.16929124635527
0.746,-0.2575682878081281,-201.3999706202278
0.7469999999999999,-0.25506828780812824,-200.63064999410028
0.748,-0.2525682878081284,-199.86132936797276
0.7489999999999999,-0.2500682878081285,-199.33024209344086
0.75,-0.24756828780812867,-198.81735221983007
0.7509999999999999,-0.24756828780812867,-198.5608934724687
0.752,-0.24506828780812845,-197.79149050720412
0.7529999999999999,-0.24256828780812825,-197.02208754193947
0.754,-0.24006828780812803,-196.25268457667482
0.7549999999999999,-0.23756828780812783,-195.48328161141018
0.756,-0.2350682878081276,-194.97033739350695
0.7569999999999999,-0.2350682878081276,-194.7313440338416
0.758,-0.23256828780812774,-193.97913198794123
0.7589999999999999,-0.23006828780812788,-193.2269199420407
0.76,-0.22756828780812804,-192.218088389657
0.7609999999999999,-0.22506828780812818,-191.2092568372733
0.762,-0.22256828780812832,-190.19822570575343
0.7629999999999999,-0.22256828780812832,-189.70041326046868
0.764,-0.2200682878081281,-188.95959846883784
0.7649999999999999,-0.2175682878081279,-188.46167622153763
0.766,-0.21506828780812767,-187.70701950868954
0.7669999999999999,-0.21256828780812748,-186.95037312730528
0.768,-0.21006828780812725,-186.18016982645332
0.7689999999999999,-0.2075682878081274,-185.1646852047786
0.77,-0.20506828780812753,-184.15110837886516
0.7709999999999999,-0.2025682878081277,-183.14917767684767
0.772,-0.20006828780812783,-182.39042958216783
0.7729999999999999,-0.19756828780812796,-181.64523840695574
0.774,-0.19756828780812796,-181.14154251477396
0.7749999999999999,-0.19756828780812796,-180.38263066188324
0.776,-0.19756828780812796,-179.85720114257896
0.7769999999999999,-0.1950682878081281,-178.82954312974698
0.778,-0.19256828780812824,-177.5548466261593
0.7789999999999999,-0.1900682878081284,-176.52693850670994
0.78,-0.18756828780812854,-175.7660655143609
0.7809999999999999,-0.18506828780812867,-174.76813156883213
0.782,-0.18506828780812867,-174.01539375896482
0.7829999999999999,-0.18506828780812867,-173.50142807314336
0.784,-0.18506828780812867,-172.7304767560296
0.7849999999999999,-0.18256828780812845,-171.4536727474608
0.786,-0.18006828780812825,-170.160420726138
0.7869999999999999,-0.17756828780812803,-168.8752401133413
0.788,-0.17506828780812783,-167.5983258672548
0.7889999999999999,-0.1725682878081276,-166.3213575139731
0.79,-0.1725682878081276,-165.29320095571114
0.7909999999999999,-0.1725682878081276,-164.53015937144858
0.792,-0.1725682878081276,-164.02257743707435
0.7929999999999999,-0.1725682878081276,-163.51499550270012
0.794,-0.1725682878081276,-162.7552949911469
0.7949999999999999,-0.17006828780812774,-162.2526353760287
0.796,-0.16756828780812788,-161.49286841338017
0.7969999999999999,-0.16506828780812804,-162.54999366844527
0.798,-0.16256828780812818,-161.78372800524812
0.7989999999999999,-0.16006828780812832,-161.52662065771767
0.8,-0.16006828780812832,-161.26951331018722
0.8009999999999999,-0.15506828780812826,-161.21809184068115
0.802,-0.15006828780812817,-159.34327945291284
0.8029999999999999,-0.15006828780812817,-158.91689550585306
0.804,-0.15006828780812817,-158.49051155879334
0.8049999999999999,-0.14256828780812825,-157.9788508223217
0.806,-0.14006828780812838,-157.5186115553562
0.8069999999999999,-0.13756828780812852,-157.05837228839067
0.808,-0.1300682878081286,-156.97309549897875
0.8089999999999999,-0.12256828780812867,-156.88781870956677
0.81,-0.12256828780812867,-156.88781870956677
0.8109999999999999,-0.12256828780812867,-156.88781870956677
0.812,-0.12256828780812867,-156.88781870956677
0.813,-0.1275682878081284,-156.88781870956677
0.8140000000000001,-0.1325682878081281,-156.88781870956677
0.815,-0.1325682878081281,-156.88781870956677
0.8160000000000001,-0.1325682878081281,-156.11686459826342
0.817,-0.13506828780812796,-155.34591048696012
0.8180000000000001,-0.1325682878081281,-154.30842776275261
0.819,-0.13006828780812824,-153.27094503854505
0.8200000000000001,-0.1325682878081281,-151.71957550311367
0.821,-0.13506828780812796,-150.9284551138162
0.8220000000000001,-0.13506828780812796,-149.88044053264662
0.823,-0.1325682878081281,-149.0989545643812
0.8240000000000001,-0.13006828780812824,-148.31746859611576
0.825,-0.1275682878081284,-147.8935722454213
0.8259999999999998,-0.12506828780812854,-147.395601589757
0.827,-0.12256828780812867,-147.05493099483215
0.8279999999999998,-0.12006828780812846,-146.7142603999073
0.829,-0.11756828780812825,-146.37358980498243
0.8299999999999998,-0.11506828780812803,-146.18921640371065
0.831,-0.11256828780812782,-146.0896222725778
0.8319999999999999,-0.11006828780812761,-145.83276592563163
0.833,-0.11006828780812761,-145.3190444303192
0.8339999999999999,-0.11006828780812761,-144.80532293500676
0.835,-0.11006828780812761,-144.03472788912825
0.8359999999999999,-0.11006828780812761,-142.75980915949845
0.837,-0.11006828780812761,-141.7417467768147
0.8379999999999999,-0.11006828780812761,-140.97110239827782
0.839,-0.11006828780812761,-139.9435614287337
0.8399999999999999,-0.10756828780812774,-138.6590800450162
0.841,-0.1050682878081279,-137.622005547586
0.8419999999999999,-0.10256828780812803,-136.32800806721843
0.843,-0.10006828780812818,-135.04345773107036
0.8439999999999999,-0.09756828780812832,-133.50194045167956
0.845,-0.09756828780812832,-132.21729704730262
0.8459999999999999,-0.09756828780812832,-131.18957044038945
0.847,-0.09756828780812832,-130.15014545555061
0.8479999999999999,-0.09756828780812832,-128.85391944533012
0.849,-0.09756828780812832,-127.81474730682396
0.8499999999999999,-0.09756828780812832,-126.76125610477732
0.851,-0.09756828780812832,-125.48917421546878
0.8519999999999999,-0.09756828780812832,-124.13004729197132
0.853,-0.09756828780812832,-123.1262642869155
0.8539999999999999,-0.09756828780812832,-122.12216697606539
0.855,-0.09756828780812832,-121.38932881848154
0.8559999999999999,-0.09756828780812832,-120.87508134815954
0.857,-0.09756828780812832,-120.45937585487474
0.8579999999999999,-0.09756828780812832,-119.94512746852973
0.859,-0.09756828780812832,-119.1692686361373
0.8599999999999999,-0.09756828780812832,-118.13633565544808
0.861,-0.09506828780812811,-116.84632696550943
0.8619999999999999,-0.0925682878081279,-115.54914532375142
0.863,-0.09006828780812767,-114.25196368199363
0.8639999999999999,-0.08756828780812746,-112.95951625191799
0.865,-0.08506828780812725,-111.92414297013909
0.8659999999999999,-0.08506828780812725,-110.88884064494573
0.867,-0.08506828780812725,-110.11783568958685
0.8679999999999999,-0.08506828780812725,-109.08982301391609
0.869,-0.08506828780812725,-108.3187999475955
0.8699999999999999,-0.08506828780812725,-107.54777688127467
0.871,-0.08506828780812725,-107.03375856761795
0.8719999999999999,-0.08506828780812725,-105.99634215814035
0.873,-0.08506828780812725,-105.21593346897453
0.8739999999999999,-0.08506828780812725,-104.43561314483338
0.875,-0.08506828780812725,-103.39836609541874
0.8759999999999999,-0.08506828780812725,-102.36111904600386
0.877,-0.08506828780812725,-101.84727009240987
0.8779999999999999,-0.08506828780812725,-100.81955473616017
0.879,-0.08506828780812725,-100.04876160823085
0.8799999999999999,-0.08256828780812739,-99.02101237864895
0.881,-0.08006828780812754,-97.99326314906716
0.8819999999999999,-0.07756828780812768,-96.70856664544579
0.883,-0.07506828780812783,-95.65608990049088
0.8839999999999999,-0.07256828780812796,-94.34689311507464
0.885,-0.07256828780812796,-93.29485115774685
0.8859999999999999,-0.07256828780812796,-91.9860734656271
0.887,-0.07256828780812796,-90.93424304754706
0.8879999999999999,-0.07256828780812796,-90.16405927345602
0.889,-0.07256828780812796,-89.39385228329775
0.8899999999999999,-0.07256828780812796,-88.62362272009796
0.891,-0.07256828780812796,-88.11012889169012
0.8919999999999999,-0.07256828780812796,-87.33987737496182
0.893,-0.0700682878081281,-86.04119163948326
0.8939999999999999,-0.06756828780812825,-84.74260265015471
0.895,-0.06506828780812839,-83.44410903924609
0.8959999999999999,-0.06256828780812854,-82.14561542833758
0.897,-0.06006828780812867,-81.10387950574932
0.8979999999999999,-0.06006828780812867,-80.33391415103836
0.899,-0.06006828780812867,-79.5639234163416
0.8999999999999999,-0.06006828780812867,-79.0505878751045
0.901,-0.06006828780812867,-78.28057241451779
0.9019999999999999,-0.06006828780812867,-77.23755844168443
0.903,-0.05756828780812846,-76.45120811972424
0.9039999999999999,-0.055068287808128245,-75.76425962373617
0.905,-0.052568287808128035,-75.07731112774798
0.9059999999999999,-0.05006828780812782,-74.50965285191182
0.907,-0.04756828780812761,-73.95839683541442
0.9079999999999999,-0.04756828780812761,-73.4071408189169
0.909,-0.04756828780812761,-72.7565498253465
0.9099999999999999,-0.04756828780812761,-71.84934521180912
0.911,-0.04756828780812761,-70.54910633045733
0.9119999999999999,-0.04756828780812761,-69.50546370201334
0.913,-0.04506828780812775,-68.2053164747183
0.9139999999999999,-0.042568287808127894,-66.90525983080477
0.915,-0.04006828780812803,-65.60529271596579
0.9159999999999999,-0.037568287808128174,-64.8357495681388
0.917,-0.03506828780812832,-63.82632262563379
0.9179999999999999,-0.03506828780812832,-63.07340028197984
0.919,-0.03506828780812832,-62.06364865185742
0.9199999999999999,-0.03256828780812811,-60.78089116313356
0.921,-0.03006828780812789,-59.24155617414385
0.9219999999999999,-0.02756828780812768,-57.92418657780058
0.923,-0.025068287808127466,-56.36814965664257
0.9239999999999999,-0.022568287808127252,-55.30766823935983
0.925,-0.022568287808127252,-54.53791123689314
0.9259999999999999,-0.022568287808127252,-53.76813008380577
0.927,-0.022568287808127252,-52.7422491393196
0.9279999999999999,-0.022568287808127252,-51.7158274522036
0.929,-0.020068287808127395,-50.465934474957976
0.9299999999999999,-0.017568287808127536,-49.45484703239072
0.931,-0.015068287808127679,-48.45709057754857
0.9319999999999999,-0.01256828780812782,-47.44798810306986
0.933,-0.010068287808127963,-46.42144816085977
0.9339999999999999,-0.010068287808127963,-45.37951542113194
0.935,-0.010068287808127963,-44.08092369804535
0.9359999999999999,-0.010068287808127963,-42.78368109382586
0.937,-0.010068287808127963,-41.75705874297114
0.938,-0.010068287808127963,-40.7304100334635
0.9390000000000001,-0.010068287808127963,-39.96041365227927
0.94,-0.010068287808127963,-39.19039809812682
0.9410000000000001,-0.007568287808128104,-38.16328667158416
0.942,-0.005068287808128247,-36.89412944471189
0.9430000000000001,-0.0025682878081283887,-35.86738046803407
0.944,-6.828780812853096e-05,-34.59810079860051
0.9450000000000001,0.002431712191871327,-33.34112825280465
0.946,0.002431712191871327,-32.58317312369297
0.9470000000000001,0.002431712191871327,-31.83582999046473
0.948,0.002431712191871327,-30.84579641863627
0.9490000000000001,0.002431712191871327,-30.09829353956377
0.95,0.002431712191871327,-29.327635555402367
0.9509999999999998,0.002431712191871327,-28.310588428647975
0.952,0.002431712191871327,-27.291591981603347
0.9529999999999998,0.002431712191871327,-26.272531447071856
0.954,0.002431712191871327,-25.253470912540365
0.9549999999999998,0.002431712191871327,-24.23619171759151
0.956,0.002431712191871327,-23.217005537537716
0.9569999999999999,0.002431712191871327,-22.43727481828921
0.958,0.002431712191871327,-21.67326425386409
0.9589999999999999,0.002431712191871327,-20.64517647194714
0.96,0.00493171219187154,-19.375707368902454
0.9609999999999999,0.007431712191871753,-18.102820784769165
0.962,0.009931712191871967,-16.838605824269848
0.9629999999999999,0.012431712191872179,-15.558586767785641
0.964,0.014931712191872393,-14.537320649980188
0.9649999999999999,0.014931712191872393,-13.766109367067202
0.966,0.014931712191872393,-12.994801605059592
0.9669999999999999,0.014931712191872393,-12.22349384305187
0.968,0.014931712191872393,-11.195080690052578
0.9689999999999999,0.014931712191872393,-9.918581575585904
0.97,0.014931712191872393,-8.89915374555028
0.9709999999999999,0.014931712191872393,-8.131536003395581
0.972,0.014931712191872393,-7.106792291948636
0.9729999999999999,0.014931712191872393,-6.341321391204815
0.974,0.014931712191872393,-5.827069260731605
0.9749999999999999,0.014931712191872393,-4.798564245165039
0.976,0.014931712191872393,-3.7700592295984734
0.9769999999999999,0.014931712191872393,-2.737962449236761
0.978,0.014931712191872393,-1.4465860616577402
0.9789999999999999,0.014931712191872393,-0.1574011440883396
0.98,0.014931712191872393,0.6225023157486476
0.9809999999999999,0.014931712191872393,1.9228885730767615
0.982,0.014931712191872393,3.2196045478726774
0.9829999999999999,0.014931712191872393,4.002106224279942
0.984,0.014931712191872393,5.041656383086206
0.9849999999999999,0.014931712191872393,6.076235114531414
0.986,0.019931712191872463,6.797246794774651
0.9869999999999999,0.024931712191872533,7.261211023462806
0.988,0.029931712191872607,7.725175252150848
0.9889999999999999,0.034931712191872674,7.932090998440003
0.99,0.03993171219187275,8.139006744729045
0.9909999999999999,0.03993171219187275,8.139006744729045
0.992,0.03993171219187275,8.139006744729045
0.9929999999999999,0.03993171219187275,8.139006744729045
0.994,0.03993171219187275,8.139006744729045
0.9949999999999999,0.03993171219187275,8.139006744729045
0.996,0.03993171219187275,8.139006744729045
0.9969999999999999,0.03993171219187275,8.139006744729045
0.998,0.03993171219187275,8.139006744729045
0.9989999999999999,0.03993171219187275,8.139006744729045
1.0,0.03993171219187275,8.139006744729045
1.001,0.03993171219187275,8.139006744729045
1.002,0.03993171219187275,8.139006744729045
1.003,0.034931712191872674,8.139006744729045
1.004,0.034931712191872674,8.139006744729045
1.005,0.034931712191872674,8.139006744729045
1.006,0.034931712191872674,8.139006744729045
1.007,0.034931712191872674,8.139006744729045
1.008,0.03993171219187275,8.139006744729045
1.009,0.03993171219187275,8.139006744729045
1.01,0.03743171219187254,8.139006744729045
1.011,0.03493171219187232,8.395836631218003
1.012,0.03243171219187211,8.665949213884005
1.013,0.029931712191871896,8.936061796550007
1.014,0.027431712191871682,9.462942390093303
1.015,0.027431712191871682,10.004295760671198
1.016,0.027431712191871682,10.545520528277052
1.017,0.027431712191871682,11.07346259970575
1.018,0.027431712191871682,11.706993085420095
1.019,0.027431712191871682,11.827019819754241
1.02,0.027431712191871682,11.932573777053676
1.021,0.032431712191871756,11.802537242296125
1.022,0.034931712191871966,11.646493400587133
1.023,0.03743171219187218,11.353652376250466
1.024,0.039931712191872394,11.258978887549688
1.025,0.039931712191872394,11.145370701108732
1.026,0.039931712191872394,9.712913806019174
1.027,0.039931712191872394,8.306464217880944
1.028,0.039931712191872394,6.9312233980847395
1.029,0.039931712191872394,5.614550783155778
1.03,0.042431712191872605,4.316812865966881
1.031,0.03993171219187275,4.587923259479226
1.032,0.03993171219187275,4.859033652991684
1.033,0.03993171219187275,5.386778213150137
1.034,0.03993171219187275,5.914522773308477
1.035,0.03993171219187275,6.44226733346693
1.036,0.042431712191872605,7.212215947703385
1.037,0.04493171219187246,7.98216456193984
1.038,0.047431712191872324,8.495479009530186
1.039,0.04993171219187218,9.00879345712076
1.04,0.05243171219187204,9.522107904711106
1.041,0.05243171219187204,9.77878681415109
1.042,0.05243171219187204,10.035465723591074
1.043,0.05243171219187204,10.292144633031057
1.044,0.05243171219187204,10.805516061601224
1.045,0.05243171219187204,11.318887490171278
1.046,0.05243171219187204,11.575580009301689
1.047,0.05243171219187204,11.832272528431758
1.048,0.05243171219187204,12.345670586683013
1.049,0.05243171219187204,12.602376125804085
1.05,0.05243171219187204,12.85908166492527
1.051,0.05243171219187204,13.115787204046342
1.052,0.05243171219187204,13.372492743167413
1.053,0.05243171219187204,13.616369970571213
1.054,0.05243171219187204,13.8602471979749
1.055,0.05243171219187204,14.1041244253787
1.056,0.05243171219187204,14.3480016527825
1.057,0.05243171219187204,14.591878880186187
1.058,0.05243171219187204,14.604719655751069
1.059,0.05243171219187204,14.617560431315951
1.06,0.05243171219187204,15.131387576154566
1.061,0.05243171219187204,15.645214720993181
1.062,0.05243171219187204,16.171526823330282
1.063,0.05243171219187204,16.684998150102388
1.064,0.05243171219187204,17.19846947687472
1.065,0.054931712191871894,17.46770679346207
1.066,0.05743171219187175,17.73694411004965
1.067,0.059931712191871614,17.993696469138513
1.068,0.06243171219187147,18.50721171793407
1.069,0.06493171219187133,19.277499967048243
1.07,0.06493171219187133,19.79103585707344
1.071,0.06493171219187133,20.047798746779904
1.072,0.06493171219187133,20.292413331198418
1.073,0.06493171219187133,20.292413331198418
1.074,0.06493171219187133,20.292413331198418
1.075,0.06493171219187133,20.292413331198418
1.0759999999999998,0.06493171219187133,20.54918633151715
1.077,0.06493171219187133,21.074890350076316
1.0779999999999998,0.06493171219187133,21.58844606334776
1.079,0.06493171219187133,21.58844606334776
1.0799999999999998,0.06493171219187133,21.58844606334776
1.081,0.06493171219187133,21.58844606334776
1.0819999999999999,0.06493171219187133,21.33166335039516
1.083,0.06493171219187133,21.07488063744256
1.0839999999999999,0.06493171219187133,21.062893948017177
1.085,0.06493171219187133,21.050907258591906
1.0859999999999999,0.06493171219187133,21.30768997154439
1.087,0.06493171219187133,21.564472684497105
1.0879999999999999,0.06493171219187133,21.564472684497105
1.089,0.06493171219187133,21.576459373922376
1.0899999999999999,0.06743171219187154,22.102020824511442
1.091,0.06993171219187175,22.358812872722524
1.0919999999999999,0.07243171219187197,22.615604920933606
1.093,0.07493171219187218,23.129179682097288
1.0939999999999999,0.07743171219187239,24.156365131178177
1.095,0.07743171219187239,24.669975819095384
1.0959999999999999,0.07743171219187239,24.926776844476876
1.097,0.07743171219187239,24.915100833958718
1.0979999999999999,0.07743171219187239,25.17190185934021
1.099,0.07743171219187239,24.915092196804608
1.0999999999999999,0.07743171219187239,24.658282534269006
1.101,0.07743171219187239,24.658282534269006
1.1019999999999999,0.07743171219187239,25.172188218919928
1.103,0.07743171219187239,25.417616867670972
1.1039999999999999,0.07743171219187239,25.663045516421903
1.105,0.07743171219187239,25.663045516421903
1.1059999999999999,0.07743171219187239,25.663045516421903
1.107,0.07743171219187239,25.417616867670972
1.1079999999999999,0.07743171219187239,24.90371118302005
1.109,0.07743171219187239,24.389805498369242
1.1099999999999999,0.07743171219187239,24.378278871406792
1.111,0.07743171219187239,24.623707520157836
1.1119999999999999,0.07743171219187239,24.86913616890888
1.113,0.07743171219187239,25.137613204808645
1.1139999999999999,0.07743171219187239,25.406090240708522
1.115,0.07743171219187239,25.417616867670972
1.1159999999999999,0.07743171219187239,25.172188218919928
1.117,0.07743171219187239,24.915232943206433
1.1179999999999999,0.07743171219187239,24.903706316244097
1.119,0.07743171219187239,25.1605159787797
1.1199999999999999,0.07743171219187239,25.417325641315188
1.121,0.07743171219187239,25.1405043838256
1.1219999999999999,0.07743171219187239,24.626608624543223
1.123,0.07743171219187239,24.112712865260733
1.1239999999999999,0.07743171219187239,23.330480816480303
1.125,0.07743171219187239,22.805194118044824
1.126,0.07743171219187239,22.81353833963476
1.127,0.07743171219187239,23.070483689979596
1.128,0.07743171219187239,23.327429040324773
1.129,0.07743171219187239,23.5760301690799
1.13,0.07743171219187239,23.319084818734837
1.131,0.07743171219187239,23.06213946839
1.132,0.07743171219187239,22.805194118044824
1.133,0.07743171219187239,22.5397948763258
1.134,0.07743171219187239,22.282739856196486
1.135,0.07743171219187239,22.27428596482241
1.136,0.07743171219187239,22.27428596482241
1.137,0.07743171219187239,22.27428596482241
1.138,0.07743171219187239,22.282739856196486
1.139,0.07743171219187239,22.291193747570674
1.14,0.07743171219187239,22.299647638944748
1.141,0.07743171219187239,22.034141068529493
1.142,0.07743171219187239,21.76863449811424
1.143,0.07743171219187239,21.503127927698984
1.144,0.07743171219187239,21.503127927698984
1.145,0.07743171219187239,21.503127927698984
1.146,0.07743171219187239,21.511694408388507
1.147,0.07743171219187239,21.511694408388507
1.148,0.07743171219187239,21.25464416527666
1.149,0.07743171219187239,20.732087351749556
1.15,0.07743171219187239,20.209530538222452
1.151,0.07743171219187239,19.943913814421194
1.152,0.07743171219187239,19.943913814421194
1.153,0.07743171219187239,20.200964057533042
1.154,0.07743171219187239,20.200964057533042
1.155,0.07743171219187239,19.943916350383574
1.156,0.07743171219187239,19.686868643234106
1.157,0.07743171219187239,19.17277069297279
1.158,0.07743171219187239,18.658672742711474
1.159,0.07743171219187239,18.401625035562006
1.16,0.07743171219187239,18.401625035562006
1.161,0.07743171219187239,18.401625035562006
1.162,0.07743171219187239,18.401625035562006
1.163,0.07743171219187239,18.144579969960205
1.164,0.07743171219187239,17.887534904358404
1.165,0.07743171219187239,17.63048983875649
1.166,0.07743171219187239,17.373444773154688
1.167,0.07743171219187239,17.116399707552887
1.168,0.07743171219187239,17.116399707552887
1.169,0.07743171219187239,17.116399707552887
1.17,0.07743171219187239,17.116399707552887
1.171,0.07743171219187239,16.868405889454266
1.172,0.07743171219187239,16.620412071355645
1.173,0.07743171219187239,16.372418253257024
1.174,0.07743171219187239,16.124424435158403
1.175,0.07743171219187239,15.61952026968504
1.176,0.07743171219187239,15.362609922310298
1.177,0.07743171219187239,15.105699574935556
1.178,0.07743171219187239,14.848789227560815
1.179,0.07743171219187239,14.591878880186187
1.18,0.07743171219187239,14.591878880186187
1.181,0.07743171219187239,14.591878880186187
1.182,0.07743171219187239,14.591878880186187
1.183,0.07743171219187239,14.591878880186187
1.184,0.07743171219187239,14.334975262821331
1.185,0.07743171219187239,14.078071645456589
1.186,0.07743171219187239,13.811857610984703
1.187,0.07743171219187239,13.545643576512816
1.188,0.07743171219187239,13.279429542040816
1.189,0.07743171219187239,13.022532951033668
1.19,0.07743171219187239,12.765636360026406
1.191,0.07743171219187239,12.518050186126288
1.192,0.07743171219187239,12.013574761573523
1.193,0.07743171219187239,11.50909933702087
1.194,0.07743171219187239,11.50909933702087
1.195,0.07743171219187239,11.509099337020757
1.196,0.07743171219187239,11.252210086368336
1.197,0.07743171219187239,11.252210086368223
1.198,0.07743171219187239,10.995328509050069
1.199,0.07743171219187239,10.481557681079266
1.2,0.07743171219187239,9.967786853108464
1.2009999999999998,0.07743171219187239,9.710905275790196
1.202,0.07743171219187239,9.454023698472042
1.2029999999999998,0.07743171219187239,9.454023698472042
1.204,0.07743171219187239,9.454023698472042
1.2049999999999998,0.07743171219187239,9.197150147905973
1.206,0.07743171219187239,8.940276597339789
1.2069999999999999,0.07743171219187239,8.426537898407446
1.208,0.07743171219187239,7.912799199475103
1.2089999999999999,0.07743171219187239,7.399060500542646
1.21,0.07743171219187239,7.142195352176373
1.2109999999999999,0.07743171219187239,6.885330203810213
1.212,0.07743171219187239,6.885330203810213
1.2129999999999999,0.07493171219187218,6.371626736241524
1.214,0.07243171219187197,5.857923268672948
1.2149999999999999,0.07243171219187197,5.3442198011041455
1.216,0.06993171219187175,4.83051633353557
1.2169999999999999,0.06993171219187175,4.316812865966881
1.218,0.07243171219187197,4.316812865966881
1.2189999999999999,0.07493171219187218,4.316812865966881
1.22,0.07493171219187218,4.316812865966881
1.2209999999999999,0.07743171219187239,4.316812865966881
1.222,0.07743171219187239,4.316812865966881
1.2229999999999999,0.07743171219187239,4.573659986589405
1.224,0.07743171219187239,4.881876531336388
1.2249999999999999,0.07493171219187218,5.190093076083372
1.226,0.07243171219187197,5.559952929779797
1.2269999999999999,0.07243171219187197,5.929812783476223
1.228,0.06993171219187175,6.042825516550124
1.2289999999999999,0.06993171219187175,7.131556239361771
1.23,0.07243171219187197,8.438033106735816
1.2309999999999999,0.07493171219187218,9.682866665160418
1.232,0.07243171219187197,10.92770022358502
1.2329999999999999,0.07243171219187197,12.421500493694452
1.234,0.06993171219187175,13.186973403963634
1.2349999999999999,0.06743171219187154,13.734700169670418
1.236,0.06493171219187133,12.471859344318432
1.2369999999999999,0.06493171219187133,11.209018518966445
1.238,0.06493171219187133,9.444642816859186
1.2389999999999999,0.06493171219187133,7.895143924814761
1.24,0.06493171219187133,6.035745254361473
1.2409999999999999,0.06743171219187154,6.255656682792846
1.242,0.06993171219187175,6.475568111224106
1.2429999999999999,0.06993171219187175,6.948047704725923
1.244,0.06993171219187175,6.895044528948233
1.2449999999999999,0.06993171219187175,6.8950445289481195
1.246,0.06743171219187154,6.626302021122228
1.2469999999999999,0.06493171219187133,5.84377357586834
1.248,0.06493171219187133,5.0612451306143384
1.2489999999999999,0.06493171219187133,4.290562590555055
1.25,0.06493171219187133,3.776776653127058
1.251,0.06493171219187133,3.262990715699061
1.252,0.06493171219187133,3.262990715699061
1.253,0.06493171219187133,3.262990715699061
1.254,0.06243171219187147,2.749214709297121
1.255,0.06493171219187169,2.132683501614906
1.256,0.0674317121918719,1.5161522939325778
1.257,0.06993171219187211,0.8996210862503631
1.258,0.07243171219187232,0.2830898785680347
1.259,0.07743171219187239,0.18033467728776031
1.26,0.07743171219187239,0.18033467728776031
1.261,0.07743171219187239,0.18033467728776031
1.262,0.07743171219187239,0.18033467728776031
1.263,0.07743171219187239,0.18033467728776031
1.264,0.07743171219187239,0.18033467728776031
1.265,0.07743171219187239,0.18033467728776031
1.266,0.07743171219187239,0.18033467728776031
1.267,0.07743171219187239,0.18033467728776031
1.268,0.07743171219187239,0.18033467728776031
1.269,0.07743171219187239,0.18033467728776031
1.27,0.07743171219187239,0.18033467728776031
1.271,0.07243171219187232,0.18033467728776031
1.272,0.06743171219187225,0.18033467728776031
1.273,0.06743171219187225,0.18033467728776031
1.274,0.06743171219187225,0.18033467728776031
1.275,0.06743171219187225,0.18033467728776031
1.276,0.07243171219187232,0.18033467728776031
1.277,0.07743171219187239,0.18033467728776031
1.278,0.07743171219187239,0.18033467728776031
1.279,0.07743171219187239,0.18033467728776031
1.28,0.07743171219187239,0.18033467728776031
1.281,0.07743171219187239,0.18033467728776031
1.282,0.07743171219187239,0.18033467728776031
1.283,0.07743171219187239,0.18033467728776031
1.284,0.07743171219187239,0.18033467728776031
1.285,0.07743171219187239,0.18033467728776031
1.286,0.07743171219187239,0.18033467728776031
1.287,0.07743171219187239,0.18033467728776031
1.288,0.07743171219187239,0.18033467728776031
1.289,0.07743171219187239,0.18033467728776031
1.29,0.07743171219187239,0.18033467728776031
1.291,0.07743171219187239,0.18033467728776031
1.292,0.07743171219187239,0.18033467728776031
1.293,0.07743171219187239,0.18033467728776031
1.294,0.07743171219187239,0.18033467728776031
1.295,0.07743171219187239,0.18033467728776031
1.296,0.07743171219187239,0.18033467728776031
1.297,0.07743171219187239,0.18033467728776031
1.298,0.07743171219187239,0.18033467728776031
1.299,0.07743171219187239,0.18033467728776031
1.3,0.07743171219187239,0.18033467728776031
1.301,0.07743171219187239,0.18033467728776031
1.302,0.07743171219187239,0.18033467728776031
1.303,0.07743171219187239,0.18033467728776031
1.304,0.07743171219187239,0.18033467728776031
1.305,0.07743171219187239,0.18033467728776031
1.306,0.07743171219187239,0.18033467728776031
1.307,0.07743171219187239,0.18033467728776031
1.308,0.07743171219187239,0.18033467728776031
1.309,0.07743171219187239,0.18033467728776031
1.31,0.07743171219187239,0.18033467728776031
1.311,0.07743171219187239,0.18033467728776031
1.312,0.07743171219187239,0.18033467728776031
1.313,0.07743171219187239,0.18033467728776031
1.314,0.07243171219187232,0.18033467728776031
1.315,0.06743171219187225,0.43746226239750285
1.316,0.06243171219187218,0.6980833009921525
1.317,0.05743171219187211,0.9587043395869159
1.318,0.05243171219187204,1.2242157798247035
1.319,0.05243171219187204,1.4897272200626048
1.32,0.05243171219187204,1.49811107519065
1.321,0.05243171219187204,1.2459196915020812
1.322,0.05243171219187204,0.9432900310756622
1.323,0.05243171219187204,0.6357699690061054
1.324,0.05243171219187204,0.32824990693643485
1.325,0.05243171219187204,-0.005298463447047652
1.3259999999999998,0.05243171219187204,-0.0817650484987098
1.327,0.05243171219187204,-0.1230866738229679
1.3279999999999998,0.05243171219187204,-0.164408299147226
1.329,0.05243171219187204,-0.21399424953631296
1.3299999999999998,0.05243171219187204,-0.4935829247615402
1.331,0.05243171219187204,-0.7731715999868811
1.3319999999999999,0.05243171219187204,-1.037466958201776
1.333,0.05243171219187204,-2.513157825084022
1.3339999999999999,0.05243171219187204,-3.980584366901553
1.335,0.05243171219187204,-4.211761260897902
1.3359999999999999,0.05243171219187204,-4.416606826143038
1.337,0.05243171219187204,-4.647783720139387
1.3379999999999999,0.05243171219187204,-3.69240625004295
1.339,0.05243171219187204,-2.7603772097335195
1.3399999999999999,0.05243171219187204,-2.808566784094978
1.341,0.05243171219187204,-2.883087687207535
1.3419999999999999,0.05243171219187204,-2.946181442191687
1.343,0.05243171219187204,-2.9844340526011592
1.3439999999999999,0.05243171219187204,-3.006988755305656
1.345,0.05243171219187204,-3.2372130950719793
1.3459999999999999,0.05243171219187204,-3.259767797776476
1.347,0.05243171219187204,-1.3620593793100397
1.3479999999999999,0.05243171219187204,0.5356490391565103
1.349,0.05243171219187204,2.4410079797049775
1.3499999999999999,0.05243171219187204,4.554036557315271
1.351,0.05243171219187204,6.459395497863625
1.3519999999999999,0.05243171219187204,6.459395497863625
1.353,0.05243171219187204,6.459395497863625
1.3539999999999999,0.05243171219187204,6.195819208998955
1.355,0.05243171219187204,5.932242920134399
1.3559999999999999,0.05243171219187204,5.6686666312698435
1.357,0.05243171219187204,5.40509034240506
1.3579999999999999,0.05243171219187204,5.141514053540504
1.359,0.05243171219187204,5.141514053540504
1.3599999999999999,0.05243171219187204,5.141514053540504
1.361,0.05243171219187204,5.141514053540504
1.3619999999999999,0.05243171219187204,4.884437206630082
1.363,0.05243171219187204,4.62736035971966
1.3639999999999999,0.05243171219187204,4.370283512809351
1.365,0.05243171219187204,3.862740606045577
1.3659999999999999,0.05243171219187204,3.3551976992818027
1.367,0.05243171219187204,3.0981216064802766
1.3679999999999999,0.05243171219187204,2.8410455136787505
1.369,0.05243171219187204,2.5839694208771107
1.3699999999999999,0.05243171219187204,2.5773593879285954
1.371,0.05243171219187204,2.5707493549803075
1.3719999999999999,0.05243171219187204,2.308502682913172
1.373,0.05243171219187204,2.0462560108460366
1.3739999999999999,0.05243171219187204,1.789180685148267
1.375,0.05243171219187204,1.532105359450611
1.376,0.05243171219187204,1.2750300337529552
1.377,0.05243171219187204,1.2802013801225485
1.378,0.05243171219187204,1.2853727264919144
1.379,0.05243171219187204,1.2853727264919144
1.38,0.05243171219187204,1.2853727264919144
1.381,0.05243171219187204,1.0282981811934633
1.382,0.05243171219187204,1.0282981811934633
1.383,0.05243171219187204,0.7712236358951259
1.384,0.05243171219187204,0.5141490905967885
1.385,0.05243171219187204,0.2570745452983374
1.386,0.05243171219187204,0.52079708660915
1.387,0.05243171219187204,0.5274450826215116
1.388,0.05243171219187204,0.5274450826215116
1.389,0.05243171219187204,0.5274450826215116
1.39,0.05243171219187204,0.5274450826215116
1.391,0.05243171219187204,0.013374035086940239
1.392,0.05243171219187204,-0.5006970124476311
1.393,0.05243171219187204,-0.7510455186713898
1.394,0.05243171219187204,-0.7510455186713898
1.395,0.05243171219187204,-0.7510455186713898
1.396,0.05243171219187204,-0.7510455186713898
1.397,0.05243171219187204,-0.7510455186713898
1.398,0.05243171219187204,-0.7510455186713898
1.399,0.05243171219187204,-1.0013940248951485
1.4,0.05243171219187204,-1.2517425311189072
1.401,0.05243171219187204,-1.2517425311189072
1.402,0.05243171219187204,-1.2517425311189072
1.403,0.05243171219187204,-1.2584677761899457
1.404,0.05243171219187204,-1.2651930212608704
1.405,0.05243171219187204,-1.2719182663319089
1.406,0.05243171219187204,-1.2786435114029473
1.407,0.05243171219187204,-1.285368756473872
1.408,0.05243171219187204,-1.285368756473872
1.409,0.05243171219187204,-1.285368756473872
1.41,0.05243171219187204,-1.285368756473872
1.411,0.05243171219187204,-1.0216086076713964
1.412,0.05243171219187204,-0.757848458868807
1.413,0.05243171219187204,-1.0081568557206992
1.414,0.05243171219187204,-1.2652297990896386
1.415,0.05243171219187204,-1.5223027424584643
1.416,0.05243171219187204,-2.0431358346298794
1.417,0.05243171219187204,-2.5639689268012944
1.418,0.05243171219187204,-2.5707334733183416
1.419,0.05243171219187204,-2.313660529949516
1.42,0.05243171219187204,-2.056587586580463
1.421,0.05243171219187204,-1.7995146432116371
1.422,0.05243171219187204,-1.5424416998428114
1.423,0.05243171219187204,-1.5356771533257643
1.424,0.05243171219187204,-1.7859855501776565
1.425,0.05243171219187204,-2.0362939470295487
1.426,0.05243171219187204,-2.0362939470295487
1.427,0.05243171219187204,-2.0295687019585102
1.428,0.05243171219187204,-1.779260305106618
1.429,0.05243171219187204,-1.5289519082547258
1.43,0.05243171219187204,-1.535716454771773
1.431,0.05243171219187204,-1.7927893981407124
1.432,0.05243171219187204,-2.0498230400635293
1.433,0.05243171219187204,-2.3001314369154215
1.434,0.05243171219187204,-2.5504398337673138
1.435,0.05243171219187204,-2.5436752872502666
1.436,0.05243171219187204,-2.286602343881327
1.437,0.05243171219187204,-2.0295687019585102
1.438,0.05243171219187204,-1.7725350600356933
1.439,0.05243171219187204,-1.5155014181127626
1.44,0.05243171219187204,-1.5155014181127626
1.441,0.05243171219187204,-1.7658098149646548
1.442,0.05243171219187204,-2.022843456887472
1.443,0.05243171219187204,-2.2798770988104025
1.444,0.05243171219187204,-2.286602343881327
1.445,0.05243171219187204,-2.0295687019585102
1.446,0.05243171219187204,-1.7725350600356933
1.447,0.05243171219187204,-1.5155014181127626
1.448,0.05243171219187204,-1.2584677761899457
1.449,0.05243171219187204,-1.2517425311189072
1.45,0.05243171219187204,-1.2517425311189072
1.4509999999999998,0.05243171219187204,-1.2517425311189072
1.452,0.05243171219187204,-1.2517425311189072
1.4529999999999998,0.05243171219187204,-1.2584677761899457
1.454,0.05243171219187204,-1.2651930212608704
1.4549999999999998,0.05243171219187204,-1.2719182663319089
1.456,0.05243171219187204,-1.2719182663319089
1.4569999999999999,0.05243171219187204,-1.2719182663319089
1.458,0.05243171219187204,-1.2651930212608704
1.4589999999999999,0.05243171219187204,-1.2584677761899457
1.46,0.05243171219187204,-0.9947076273873563
1.4609999999999999,0.05243171219187204,-0.7376727236559191
1.462,0.05243171219187204,-0.48063781992436816
1.4629999999999999,0.05243171219187204,-0.23028931370060945
1.464,0.05243171219187204,0.020059192523262936
1.4649999999999999,0.05243171219187204,0.013372795015584416
1.466,0.05243171219187204,0.006686397507678521
1.4669999999999999,0.05243171219187204,0.006686397507678521
1.468,0.05243171219187204,0.013372795015470729
1.4689999999999999,0.05243171219187204,0.2770953363261697
1.47,0.05243171219187204,0.5408178776369823
1.4709999999999999,0.05243171219187204,0.5475042751446608
1.472,0.05243171219187204,0.5475042751447745
1.4729999999999999,0.05243171219187204,0.5475042751447745
1.474,0.05243171219187204,0.026707982539164732
1.4749999999999999,0.05243171219187204,-0.49408831006633136
1.476,0.05243171219187204,-0.5007747075741236
1.4769999999999999,0.05243171219187204,-0.5007747075740099
1.478,0.05243171219187204,-0.5007747075741236
1.4789999999999999,0.05243171219187204,-0.2370145587715342
1.48,0.05243171219187204,0.020059192523262936
1.4809999999999999,0.05243171219187204,0.020059192523262936
1.482,0.05243171219187204,0.013372795015470729
1.4829999999999999,0.05243171219187204,0.006686397507678521
1.484,0.05243171219187204,0.0
1.4849999999999999,0.05243171219187204,0.0
1.486,0.05243171219187204,0.26372254131069894
1.4869999999999999,0.05243171219187204,0.5274450826215116
1.488,0.05243171219187204,0.7911676239322105
1.4889999999999999,0.05243171219187204,1.0548901652429095
1.49,0.05243171219187204,1.318612706553722
1.4909999999999999,0.05243171219187204,1.318612706553722
1.492,0.05243171219187204,1.318612706553722
1.4929999999999999,0.05243171219187204,1.318612706553722
1.494,0.05243171219187204,1.318612706553722
1.4949999999999999,0.05243171219187204,1.318612706553722
1.496,0.05243171219187204,1.0548901652429095
1.4969999999999999,0.05243171219187204,0.7911676239322105
1.498,0.05243171219187204,0.5274450826215116
1.4989999999999999,,
1.5,,
