Time,Displacement,Force
(s),(mm),(kN)
"0.0000","0.0000","-0.0001"
"0.0200","0.0436","0.0000"
"0.0280","0.0916","0.0002"
"0.0340","0.1377","0.0003"
"0.0420","0.2101","0.0005"
"0.0520","0.3128","0.0006"
"0.0720","0.5272","0.0006"
"0.0920","0.7280","0.0006"
"0.1120","0.9169","0.0005"
"0.1320","1.0971","0.0005"
"0.1520","1.2718","0.0005"
"0.1720","1.4436","0.0005"
"0.1920","1.6126","0.0005"
"0.2120","1.7806","0.0005"
"0.2320","1.9484","0.0005"
"0.2520","2.1157","0.0005"
"0.2720","2.2827","0.0005"
"0.2920","2.4495","0.0005"
"0.3120","2.6162","0.0005"
"0.3320","2.7832","0.0005"
"0.3520","2.9497","0.0005"
"0.3720","3.1164","0.0005"
"0.3920","3.2834","0.0005"
"0.4120","3.4498","0.0005"
"0.4320","3.6165","0.0005"
"0.4520","3.7833","0.0005"
"0.4720","3.9498","0.0005"
"0.4920","4.1164","0.0005"
"0.5120","4.2829","0.0005"
"0.5320","4.4494","0.0005"
"0.5520","4.6167","0.0005"
"0.5720","4.7836","0.0005"
"0.5920","4.9502","0.0005"
"0.6120","5.1171","0.0005"
"0.6320","5.2833","0.0004"
"0.6520","5.4498","0.0004"
"0.6720","5.6168","0.0004"
"0.6920","5.7830","0.0004"
"0.7120","5.9498","0.0004"
"0.7320","6.1176","0.0004"
"0.7520","6.2841","0.0004"
"0.7720","6.4503","0.0004"
"0.7920","6.6170","0.0004"
"0.8120","6.7829","0.0004"
"0.8320","6.9500","0.0004"
"0.8520","7.1175","0.0004"
"0.8720","7.2837","0.0004"
"0.8920","7.4502","0.0005"
"0.9120","7.6167","0.0005"
"0.9320","7.7829","0.0005"
"0.9520","7.9499","0.0005"
"0.9720","8.1166","0.0005"
"0.9920","8.2827","0.0005"
"1.0120","8.4503","0.0005"
"1.0320","8.6171","0.0005"
"1.0520","8.7833","0.0005"
"1.0720","8.9503","0.0005"
"1.0920","9.1166","0.0005"
"1.1120","9.2831","0.0005"
"1.1320","9.4500","0.0005"
"1.1520","9.6162","0.0005"
"1.1720","9.7830","0.0005"
"1.1920","9.9502","0.0005"
"1.2120","10.1167","0.0005"
"1.2320","10.2836","0.0005"
"1.2520","10.4505","0.0005"
"1.2720","10.6165","0.0005"
"1.2920","10.7832","0.0005"
"1.3120","10.9500","0.0005"
"1.3320","11.1167","0.0005"
"1.3520","11.2840","0.0005"
"1.3720","11.4506","0.0005"
"1.3920","11.6168","0.0005"
"1.4120","11.7831","0.0005"
"1.4320","11.9496","0.0005"
"1.4520","12.1165","0.0005"
"1.4720","12.2834","0.0004"
"1.4920","12.4503","0.0004"
"1.5120","12.6172","0.0005"
"1.5320","12.7832","0.0005"
"1.5520","12.9493","0.0005"
"1.5720","13.1166","0.0005"
"1.5920","13.2834","0.0005"
"1.6120","13.4502","0.0005"
"1.6320","13.6171","0.0005"
"1.6520","13.7836","0.0005"
"1.6720","13.9497","0.0004"
"1.6920","14.1164","0.0004"
"1.7120","14.2826","0.0004"
"1.7320","14.4492","0.0004"
"1.7520","14.6167","0.0004"
"1.7720","14.7832","0.0004"
"1.7920","14.9498","0.0004"
"1.8120","15.1165","0.0004"
"1.8320","15.2826","0.0004"
"1.8520","15.4497","0.0004"
"1.8720","15.6169","0.0004"
"1.8920","15.7833","0.0005"
"1.9120","15.9502","0.0004"
"1.9320","16.1171","0.0005"
"1.9520","16.2833","0.0005"
"1.9720","16.4500","0.0005"
"1.9920","16.6166","0.0005"
"2.0120","16.7828","0.0005"
"2.0320","16.9499","0.0005"
"2.0520","17.1166","0.0005"
"2.0720","17.2833","0.0005"
"2.0920","17.4501","0.0005"
"2.1120","17.6166","0.0005"
"2.1320","17.7831","0.0005"
"2.1520","17.9499","0.0005"
"2.1720","18.1164","0.0005"
"2.1920","18.2834","0.0005"
"2.2120","18.4502","0.0005"
"2.2320","18.6169","0.0005"
"2.2520","18.7838","0.0005"
"2.2720","18.9503","0.0005"
"2.2920","19.1161","0.0005"
"2.3120","19.2830","0.0005"
"2.3320","19.4500","0.0005"
"2.3520","19.6166","0.0005"
"2.3720","19.7836","0.0005"
"2.3920","19.9501","0.0005"
"2.4120","20.1165","0.0005"
"2.4320","20.2838","0.0005"
"2.4520","20.4502","0.0005"
"2.4720","20.6170","0.0005"
"2.4920","20.7839","0.0005"
"2.5120","20.9505","0.0005"
"2.5320","21.1175","0.0005"
"2.5520","21.2842","0.0005"
"2.5720","21.4497","0.0005"
"2.5920","21.6163","0.0005"
"2.6120","21.7833","0.0005"
"2.6320","21.9499","0.0005"
"2.6520","22.1172","0.0005"
"2.6720","22.2832","0.0005"
"2.6920","22.4492","0.0005"
"2.7120","22.6164","0.0005"
"2.7320","22.7831","0.0005"
"2.7520","22.9501","0.0005"
"2.7720","23.1170","0.0005"
"2.7920","23.2833","0.0005"
"2.8120","23.4497","0.0005"
"2.8320","23.6168","0.0005"
"2.8520","23.7829","0.0005"
"2.8720","23.9493","0.0005"
"2.8920","24.1164","0.0005"
"2.9120","24.2830","0.0005"
"2.9320","24.4498","0.0005"
"2.9520","24.6164","0.0005"
"2.9720","24.7828","0.0005"
"2.9920","24.9502","0.0005"
"3.0120","25.1170","0.0005"
"3.0320","25.2836","0.0005"
"3.0520","25.4501","0.0005"
"3.0720","25.6168","0.0006"
"3.0920","25.7834","0.0005"
"3.1120","25.9505","0.0006"
"3.1320","26.1171","0.0006"
"3.1520","26.2836","0.0006"
"3.1720","26.4506","0.0006"
"3.1920","26.6169","0.0006"
"3.2120","26.7834","0.0005"
"3.2320","26.9500","0.0005"
"3.2520","27.1164","0.0005"
"3.2720","27.2835","0.0005"
"3.2920","27.4505","0.0005"
"3.3120","27.6165","0.0005"
"3.3320","27.7832","0.0005"
"3.3520","27.9498","0.0006"
"3.3720","28.1163","0.0006"
"3.3920","28.2834","0.0006"
"3.4120","28.4501","0.0006"
"3.4320","28.6163","0.0006"
"3.4520","28.7830","0.0006"
"3.4720","28.9495","0.0005"
"3.4920","29.1162","0.0005"
"3.5120","29.2830","0.0005"
"3.5320","29.4495","0.0005"
"3.5520","29.6162","0.0006"
"3.5720","29.7833","0.0006"
"3.5920","29.9501","0.0006"
"3.6120","30.1169","0.0006"
"3.6320","30.2835","0.0006"
"3.6520","30.4498","0.0006"
"3.6720","30.6171","0.0006"
"3.6920","30.7838","0.0006"
"3.7120","30.9499","0.0006"
"3.7320","31.1173","0.0006"
"3.7520","31.2840","0.0006"
"3.7720","31.4505","0.0006"
"3.7920","31.6172","0.0006"
"3.8120","31.7833","0.0006"
"3.8320","31.9497","0.0006"
"3.8520","32.1169","0.0006"
"3.8720","32.2831","0.0006"
"3.8920","32.4504","0.0006"
"3.9120","32.6174","0.0006"
"3.9320","32.7836","0.0006"
"3.9520","32.9500","0.0006"
"3.9720","33.1163","0.0006"
"3.9920","33.2823","0.0006"
"4.0120","33.4500","0.0006"
"4.0320","33.6170","0.0006"
"4.0520","33.7835","0.0006"
"4.0720","33.9502","0.0006"
"4.0920","34.1163","0.0006"
"4.1120","34.2824","0.0006"
"4.1320","34.4497","0.0006"
"4.1520","34.6164","0.0006"
"4.1720","34.7835","0.0006"
"4.1920","34.9503","0.0006"
"4.2120","35.1164","0.0006"
"4.2320","35.2831","0.0006"
"4.2520","35.4500","0.0006"
"4.2720","35.6159","0.0006"
"4.2920","35.7835","0.0006"
"4.3120","35.9507","0.0006"
"4.3320","36.1171","0.0006"
"4.3520","36.2840","0.0006"
"4.3720","36.4504","0.0006"
"4.3920","36.6161","0.0006"
"4.4120","36.7832","0.0006"
"4.4320","36.9498","0.0006"
"4.4520","37.1168","0.0006"
"4.4720","37.2836","0.0006"
"4.4920","37.4498","0.0006"
"4.5120","37.6166","0.0006"
"4.5320","37.7836","0.0006"
"4.5520","37.9492","0.0006"
"4.5720","38.1162","0.0006"
"4.5920","38.2835","0.0006"
"4.6120","38.4500","0.0006"
"4.6320","38.6171","0.0006"
"4.6520","38.7837","0.0006"
"4.6720","38.9498","0.0006"
"4.6920","39.1168","0.0006"
"4.7120","39.2832","0.0006"
"4.7320","39.4494","0.0006"
"4.7520","39.6166","0.0006"
"4.7720","39.7835","0.0006"
"4.7920","39.9502","0.0006"
"4.8120","40.1169","0.0006"
"4.8320","40.2826","0.0006"
"4.8520","40.4494","0.0006"
"4.8720","40.6169","0.0006"
"4.8920","40.7835","0.0006"
"4.9120","40.9504","0.0006"
"4.9320","41.1174","0.0006"
"4.9520","41.2839","0.0006"
"4.9720","41.4505","0.0006"
"4.9920","41.6169","0.0006"
"5.0120","41.7829","0.0006"
"5.0320","41.9500","0.0006"
"5.0520","42.1169","0.0006"
"5.0720","42.2836","0.0006"
"5.0920","42.4504","0.0006"
"5.1120","42.6162","0.0006"
"5.1320","42.7823","0.0006"
"5.1520","42.9498","0.0006"
"5.1720","43.1167","0.0006"
"5.1920","43.2835","0.0006"
"5.2120","43.4505","0.0006"
"5.2320","43.6163","0.0006"
"5.2520","43.7831","0.0006"
"5.2720","43.9497","0.0006"
"5.2920","44.1159","0.0006"
"5.3120","44.2831","0.0006"
"5.3320","44.4500","0.0006"
"5.3520","44.6170","0.0006"
"5.3720","44.7838","0.0006"
"5.3920","44.9501","0.0006"
"5.4120","45.1163","0.0007"
"5.4320","45.2836","0.0007"
"5.4520","45.4504","0.0007"
"5.4720","45.6174","0.0006"
"5.4920","45.7839","0.0006"
"5.5120","45.9506","0.0007"
"5.5320","46.1172","0.0007"
"5.5520","46.2841","0.0007"
"5.5720","46.4505","0.0006"
"5.5920","46.6167","0.0006"
"5.6120","46.7834","0.0006"
"5.6320","46.9496","0.0006"
"5.6520","47.1162","0.0006"
"5.6720","47.2830","0.0006"
"5.6920","47.4494","0.0006"
"5.7120","47.6166","0.0006"
"5.7320","47.7833","0.0006"
"5.7520","47.9496","0.0006"
"5.7720","48.1164","0.0006"
"5.7920","48.2829","0.0006"
"5.8120","48.4499","0.0006"
"5.8320","48.6170","0.0006"
"5.8520","48.7828","0.0006"
"5.8720","48.9492","0.0006"
"5.8920","49.1164","0.0006"
"5.9120","49.2830","0.0006"
"5.9320","49.4499","0.0006"
"5.9520","49.6169","0.0006"
"5.9720","49.7831","0.0006"
"5.9920","49.9500","0.0006"
"6.0120","50.1168","0.0007"
"6.0320","50.2833","0.0007"
"6.0520","50.4503","0.0007"
"6.0720","50.6170","0.0007"
"6.0920","50.7835","0.0007"
"6.1120","50.9508","0.0007"
"6.1320","51.1173","0.0007"
"6.1520","51.2836","0.0007"
"6.1720","51.4506","0.0007"
"6.1920","51.6171","0.0007"
"6.2120","51.7834","0.0007"
"6.2320","51.9501","0.0007"
"6.2520","52.1163","0.0006"
"6.2720","52.2834","0.0006"
"6.2920","52.4505","0.0006"
"6.3120","52.6166","0.0006"
"6.3320","52.7837","0.0006"
"6.3520","52.9503","0.0006"
"6.3720","53.1160","0.0006"
"6.3920","53.2828","0.0006"
"6.4120","53.4495","0.0006"
"6.4320","53.6161","0.0006"
"6.4520","53.7839","0.0006"
"6.4720","53.9506","0.0006"
"6.4920","54.1165","0.0006"
"6.5120","54.2830","0.0006"
"6.5320","54.4495","0.0006"
"6.5520","54.6161","0.0006"
"6.5720","54.7836","0.0006"
"6.5920","54.9501","0.0006"
"6.6120","55.1169","0.0007"
"6.6320","55.2835","0.0007"
"6.6520","55.4497","0.0007"
"6.6720","55.6167","0.0007"
"6.6920","55.7835","0.0007"
"6.7120","55.9498","0.0007"
"6.7320","56.1172","0.0007"
"6.7520","56.2838","0.0007"
"6.7720","56.4500","0.0007"
"6.7920","56.6167","0.0007"
"6.8120","56.7827","0.0007"
"6.8320","56.9494","0.0006"
"6.8520","57.1170","0.0006"
"6.8720","57.2836","0.0006"
"6.8920","57.4502","0.0006"
"6.9120","57.6169","0.0006"
"6.9320","57.7830","0.0006"
"6.9520","57.9499","0.0006"
"6.9720","58.1169","0.0006"
"6.9920","58.2828","0.0006"
"7.0120","58.4499","0.0006"
"7.0320","58.6169","0.0006"
"7.0520","58.7834","0.0006"
"7.0720","58.9503","0.0006"
"7.0920","59.1167","0.0006"
"7.1120","59.2829","0.0006"
"7.1320","59.4501","0.0007"
"7.1520","59.6165","0.0007"
"7.1720","59.7832","0.0007"
"7.1920","59.9500","0.0006"
"7.2120","60.1165","0.0006"
"7.2320","60.2833","0.0007"
"7.2520","60.4500","0.0007"
"7.2720","60.6163","0.0007"
"7.2920","60.7833","0.0007"
"7.3120","60.9505","0.0007"
"7.3320","61.1172","0.0007"
"7.3520","61.2838","0.0007"
"7.3720","61.4503","0.0006"
"7.3920","61.6164","0.0006"
"7.4120","61.7831","0.0006"
"7.4320","61.9499","0.0007"
"7.4520","62.1167","0.0007"
"7.4720","62.2837","0.0007"
"7.4920","62.4503","0.0007"
"7.5120","62.6167","0.0007"
"7.5320","62.7833","0.0007"
"7.5520","62.9497","0.0007"
"7.5720","63.1163","0.0007"
"7.5920","63.2833","0.0007"
"7.6120","63.4504","0.0006"
"7.6320","63.6173","0.0005"
"7.6520","63.7836","0.0005"
"7.6720","63.9494","0.0005"
"7.6920","64.1164","0.0005"
"7.7120","64.2834","0.0005"
"7.7320","64.4503","0.0005"
"7.7520","64.6171","0.0006"
"7.7720","64.7833","0.0006"
"7.7920","64.9495","0.0007"
"7.8120","65.1164","0.0007"
"7.8320","65.2828","0.0007"
"7.8520","65.4494","0.0007"
"7.8720","65.6170","0.0007"
"7.8920","65.7839","0.0006"
"7.9120","65.9505","0.0006"
"7.9320","66.1171","0.0007"
"7.9520","66.2831","0.0007"
"7.9720","66.4500","0.0007"
"7.9920","66.6170","0.0007"
"8.0120","66.7833","0.0007"
"8.0320","66.9500","0.0007"
"8.0520","67.1166","0.0007"
"8.0720","67.2830","0.0006"
"8.0920","67.4502","0.0007"
"8.1120","67.6168","0.0007"
"8.1320","67.7829","0.0007"
"8.1520","67.9499","0.0007"
"8.1720","68.1164","0.0007"
"8.1920","68.2830","0.0007"
"8.2120","68.4501","0.0007"
"8.2320","68.6167","0.0006"
"8.2520","68.7832","0.0006"
"8.2720","68.9500","0.0005"
"8.2920","69.1164","0.0006"
"8.3120","69.2830","0.0006"
"8.3320","69.4498","0.0007"
"8.3520","69.6164","0.0007"
"8.3720","69.7836","0.0006"
"8.3920","69.9503","0.0006"
"8.4120","70.1161","0.0006"
"8.4320","70.2833","0.0007"
"8.4520","70.4503","0.0006"
"8.4720","70.6169","0.0006"
"8.4920","70.7841","0.0006"
"8.5120","70.9507","0.0006"
"8.5320","71.1169","0.0006"
"8.5520","71.2838","0.0006"
"8.5720","71.4502","0.0007"
"8.5920","71.6164","0.0006"
"8.6120","71.7833","0.0006"
"8.6320","71.9499","0.0006"
"8.6520","72.1169","0.0007"
"8.6720","72.2836","0.0006"
"8.6920","72.4492","0.0006"
"8.7120","72.6165","0.0007"
"8.7320","72.7835","0.0007"
"8.7520","72.9499","0.0007"
"8.7720","73.1169","0.0007"
"8.7920","73.2834","0.0007"
"8.8120","73.4498","0.0007"
"8.8320","73.6168","0.0007"
"8.8520","73.7833","0.0007"
"8.8720","73.9498","0.0007"
"8.8920","74.1167","0.0007"
"8.9120","74.2830","0.0007"
"8.9320","74.4498","0.0007"
"8.9520","74.6165","0.0007"
"8.9720","74.7824","0.0007"
"8.9920","74.9498","0.0007"
"9.0120","75.1170","0.0007"
"9.0320","75.2833","0.0007"
"9.0520","75.4500","0.0007"
"9.0720","75.6167","0.0007"
"9.0920","75.7830","0.0007"
"9.1120","75.9504","0.0007"
"9.1320","76.1174","0.0007"
"9.1520","76.2837","0.0006"
"9.1720","76.4504","0.0006"
"9.1920","76.6166","0.0006"
"9.2120","76.7830","0.0006"
"9.2320","76.9499","0.0006"
"9.2520","77.1162","0.0007"
"9.2720","77.2832","0.0006"
"9.2920","77.4507","0.0006"
"9.3120","77.6169","0.0006"
"9.3320","77.7835","0.0006"
"9.3520","77.9501","0.0006"
"9.3720","78.1163","0.0006"
"9.3920","78.2839","0.0006"
"9.4120","78.4504","0.0006"
"9.4320","78.6165","0.0007"
"9.4520","78.7833","0.0006"
"9.4720","78.9499","0.0006"
"9.4920","79.1163","0.0007"
"9.5120","79.2831","0.0007"
"9.5320","79.4495","0.0006"
"9.5520","79.6159","0.0006"
"9.5720","79.7832","0.0007"
"9.5920","79.9498","0.0007"
"9.6120","80.1166","0.0006"
"9.6320","80.2833","0.0007"
"9.6520","80.4497","0.0007"
"9.6720","80.6166","0.0007"
"9.6920","80.7831","0.0007"
"9.7120","80.9496","0.0007"
"9.7320","81.1165","0.0007"
"9.7520","81.2835","0.0007"
"9.7720","81.4502","0.0007"
"9.7920","81.6170","0.0007"
"9.8120","81.7832","0.0007"
"9.8320","81.9493","0.0007"
"9.8520","82.1168","0.0007"
"9.8720","82.2836","0.0007"
"9.8920","82.4507","0.0007"
"9.9120","82.6175","0.0007"
"9.9320","82.7835","0.0007"
"9.9520","82.9501","0.0007"
"9.9720","83.1171","0.0007"
"9.9920","83.2830","0.0007"
"10.0120","83.4500","0.0007"
"10.0320","83.6171","0.0007"
"10.0520","83.7834","0.0007"
"10.0720","83.9504","0.0007"
"10.0920","84.1169","0.0007"
"10.1120","84.2826","0.0007"
"10.1320","84.4500","0.0006"
"10.1520","84.6169","0.0006"
"10.1720","84.7836","0.0005"
"10.1920","84.9503","0.0005"
"10.2120","85.1165","0.0006"
"10.2320","85.2828","0.0006"
"10.2520","85.4498","0.0006"
"10.2720","85.6160","0.0007"
"10.2920","85.7828","0.0006"
"10.3120","85.9503","0.0006"
"10.3320","86.1168","0.0006"
"10.3520","86.2836","0.0007"
"10.3720","86.4501","0.0007"
"10.3920","86.6160","0.0006"
"10.4120","86.7833","0.0007"
"10.4320","86.9504","0.0007"
"10.4520","87.1170","0.0006"
"10.4720","87.2837","0.0007"
"10.4920","87.4502","0.0007"
"10.5120","87.6164","0.0007"
"10.5320","87.7834","0.0007"
"10.5520","87.9501","0.0007"
"10.5720","88.1162","0.0007"
"10.5920","88.2833","0.0007"
"10.6120","88.4500","0.0007"
"10.6320","88.6169","0.0007"
"10.6520","88.7838","0.0007"
"10.6720","88.9499","0.0008"
"10.6920","89.1165","0.0008"
"10.7120","89.2834","0.0007"
"10.7320","89.4499","0.0007"
"10.7520","89.6168","0.0007"
"10.7720","89.7836","0.0007"
"10.7920","89.9497","0.0007"
"10.8120","90.1169","0.0007"
"10.8320","90.2832","0.0007"
"10.8520","90.4493","0.0007"
"10.8720","90.6166","0.0007"
"10.8920","90.7835","0.0007"
"10.9120","90.9505","0.0007"
"10.9320","91.1176","0.0007"
"10.9520","91.2835","0.0007"
"10.9720","91.4497","0.0007"
"10.9920","91.6169","0.0007"
"11.0120","91.7831","0.0008"
"11.0320","91.9502","0.0008"
"11.0520","92.1172","0.0008"
"11.0720","92.2834","0.0007"
"11.0920","92.4502","0.0007"
"11.1120","92.6163","0.0007"
"11.1320","92.7822","0.0006"
"11.1520","92.9498","0.0006"
"11.1720","93.1171","0.0006"
"11.1920","93.2837","0.0007"
"11.2120","93.4504","0.0008"
"11.2320","93.6169","0.0007"
"11.2520","93.7832","0.0007"
"11.2720","93.9499","0.0007"
"11.2920","94.1165","0.0008"
"11.3120","94.2830","0.0007"
"11.3320","94.4500","0.0007"
"11.3520","94.6163","0.0007"
"11.3720","94.7830","0.0008"
"11.3920","94.9497","0.0007"
"11.4120","95.1158","0.0007"
"11.4320","95.2832","0.0008"
"11.4520","95.4505","0.0007"
"11.4720","95.6168","0.0007"
"11.4920","95.7834","0.0007"
"11.5120","95.9501","0.0007"
"11.5320","96.1166","0.0007"
"11.5520","96.2841","0.0007"
"11.5720","96.4507","0.0007"
"11.5920","96.6168","0.0007"
"11.6120","96.7833","0.0007"
"11.6320","96.9496","0.0007"
"11.6520","97.1166","0.0008"
"11.6720","97.2837","0.0008"
"11.6920","97.4495","0.0008"
"11.7120","97.6166","0.0008"
"11.7320","97.7834","0.0008"
"11.7520","97.9498","0.0007"
"11.7720","98.1168","0.0007"
"11.7920","98.2834","0.0007"
"11.8120","98.4498","0.0006"
"11.8320","98.6170","0.0006"
"11.8520","98.7837","0.0007"
"11.8720","98.9500","0.0008"
"11.8920","99.1167","0.0008"
"11.9120","99.2832","0.0007"
"11.9320","99.4499","0.0007"
"11.9520","99.6168","0.0007"
"11.9720","99.7829","0.0008"
"11.9920","99.9495","0.0007"
"12.0120","100.1169","0.0008"
"12.0320","100.2831","0.0008"
"12.0520","100.4501","0.0008"
"12.0720","100.6169","0.0008"
"12.0920","100.7832","0.0008"
"12.1120","100.9503","0.0008"
"12.1320","101.1173","0.0008"
"12.1520","101.2836","0.0008"
"12.1720","101.4504","0.0008"
"12.1920","101.6169","0.0007"
"12.2120","101.7831","0.0007"
"12.2320","101.9502","0.0007"
"12.2520","102.1165","0.0007"
"12.2720","102.2827","0.0007"
"12.2920","102.4502","0.0007"
"12.3120","102.6168","0.0007"
"12.3320","102.7835","0.0008"
"12.3520","102.9504","0.0008"
"12.3720","103.1163","0.0008"
"12.3920","103.2832","0.0008"
"12.4120","103.4506","0.0008"
"12.4320","103.6171","0.0008"
"12.4520","103.7839","0.0008"
"12.4720","103.9503","0.0008"
"12.4920","104.1162","0.0007"
"12.5120","104.2832","0.0007"
"12.5320","104.4492","0.0007"
"12.5520","104.6153","0.0007"
"12.5720","104.7831","0.0007"
"12.5920","104.9502","0.0008"
"12.6120","105.1169","0.0008"
"12.6320","105.2836","0.0008"
"12.6520","105.4496","0.0008"
"12.6720","105.6163","0.0008"
"12.6920","105.7833","0.0008"
"12.7120","105.9506","0.0008"
"12.7320","106.1176","0.0008"
"12.7520","106.2839","0.0008"
"12.7720","106.4499","0.0007"
"12.7920","106.6162","0.0007"
"12.8120","106.7828","0.0008"
"12.8320","106.9493","0.0008"
"12.8520","107.1167","0.0008"
"12.8720","107.2836","0.0008"
"12.8920","107.4499","0.0008"
"12.9120","107.6168","0.0008"
"12.9320","107.7832","0.0008"
"12.9520","107.9499","0.0008"
"12.9720","108.1173","0.0008"
"12.9920","108.2838","0.0008"
"13.0120","108.4505","0.0008"
"13.0320","108.6171","0.0007"
"13.0520","108.7835","0.0007"
"13.0720","108.9501","0.0007"
"13.0920","109.1167","0.0008"
"13.1120","109.2826","0.0008"
"13.1320","109.4494","0.0008"
"13.1520","109.6167","0.0008"
"13.1720","109.7834","0.0008"
"13.1920","109.9506","0.0008"
"13.2120","110.1170","0.0008"
"13.2320","110.2833","0.0009"
"13.2520","110.4503","0.0009"
"13.2720","110.6167","0.0008"
"13.2920","110.7833","0.0008"
"13.3120","110.9505","0.0008"
"13.3320","111.1172","0.0008"
"13.3520","111.2839","0.0008"
"13.3720","111.4502","0.0008"
"13.3920","111.6157","0.0008"
"13.4120","111.7827","0.0008"
"13.4320","111.9499","0.0008"
"13.4520","112.1167","0.0008"
"13.4720","112.2836","0.0008"
"13.4920","112.4501","0.0008"
"13.5120","112.6160","0.0008"
"13.5320","112.7828","0.0008"
"13.5520","112.9499","0.0008"
"13.5720","113.1166","0.0008"
"13.5920","113.2837","0.0008"
"13.6120","113.4503","0.0007"
"13.6320","113.6164","0.0007"
"13.6520","113.7831","0.0008"
"13.6720","113.9493","0.0008"
"13.6920","114.1159","0.0008"
"13.7120","114.2834","0.0008"
"13.7320","114.4501","0.0008"
"13.7520","114.6171","0.0009"
"13.7720","114.7839","0.0009"
"13.7920","114.9500","0.0008"
"13.8120","115.1168","0.0008"
"13.8320","115.2835","0.0009"
"13.8520","115.4496","0.0008"
"13.8720","115.6171","0.0008"
"13.8920","115.7838","0.0008"
"13.9120","115.9504","0.0008"
"13.9320","116.1175","0.0008"
"13.9520","116.2833","0.0008"
"13.9720","116.4496","0.0008"
"13.9920","116.6173","0.0008"
"14.0120","116.7834","0.0008"
"14.0320","116.9499","0.0008"
"14.0520","117.1164","0.0008"
"14.0720","117.2827","0.0008"
"14.0920","117.4499","0.0009"
"14.1120","117.6170","0.0009"
"14.1320","117.7827","0.0008"
"14.1520","117.9495","0.0008"
"14.1720","118.1167","0.0008"
"14.1920","118.2833","0.0008"
"14.2120","118.4503","0.0008"
"14.2320","118.6169","0.0009"
"14.2520","118.7828","0.0008"
"14.2720","118.9502","0.0008"
"14.2920","119.1166","0.0008"
"14.3120","119.2830","0.0009"
"14.3320","119.4498","0.0009"
"14.3520","119.6162","0.0009"
"14.3720","119.7834","0.0009"
"14.3920","119.9507","0.0009"
"14.4120","120.1167","0.0008"
"14.4320","120.2834","0.0008"
"14.4520","120.4504","0.0008"
"14.4720","120.6168","0.0008"
"14.4920","120.7840","0.0008"
"14.5120","120.9507","0.0008"
"14.5320","121.1165","0.0008"
"14.5520","121.2836","0.0008"
"14.5720","121.4503","0.0008"
"14.5920","121.6168","0.0008"
"14.6120","121.7836","0.0008"
"14.6320","121.9501","0.0009"
"14.6520","122.1164","0.0009"
"14.6720","122.2833","0.0009"
"14.6920","122.4496","0.0009"
"14.7120","122.6160","0.0009"
"14.7320","122.7831","0.0008"
"14.7520","122.9499","0.0008"
"14.7720","123.1166","0.0008"
"14.7920","123.2830","0.0008"
"14.8120","123.4490","0.0009"
"14.8320","123.6164","0.0009"
"14.8520","123.7833","0.0009"
"14.8720","123.9501","0.0009"
"14.8920","124.1167","0.0009"
"14.9120","124.2831","0.0009"
"14.9320","124.4494","0.0009"
"14.9520","124.6165","0.0008"
"14.9720","124.7833","0.0008"
"14.9920","124.9499","0.0008"
"15.0120","125.1171","0.0008"
"15.0320","125.2837","0.0008"
"15.0520","125.4503","0.0008"
"15.0720","125.6169","0.0008"
"15.0920","125.7832","0.0008"
"15.1120","125.9503","0.0008"
"15.1320","126.1174","0.0008"
"15.1520","126.2838","0.0009"
"15.1720","126.4505","0.0009"
"15.1920","126.6168","0.0009"
"15.2120","126.7830","0.0009"
"15.2320","126.9501","0.0009"
"15.2520","127.1169","0.0009"
"15.2720","127.2835","0.0008"
"15.2920","127.4505","0.0008"
"15.3120","127.6167","0.0008"
"15.3320","127.7830","0.0008"
"15.3520","127.9499","0.0009"
"15.3720","128.1166","0.0009"
"15.3920","128.2833","0.0009"
"15.4120","128.4504","0.0009"
"15.4320","128.6165","0.0009"
"15.4520","128.7831","0.0009"
"15.4720","128.9497","0.0008"
"15.4920","129.1162","0.0008"
"15.5120","129.2830","0.0008"
"15.5320","129.4497","0.0008"
"15.5520","129.6162","0.0008"
"15.5720","129.7834","0.0008"
"15.5920","129.9501","0.0008"
"15.6120","130.1167","0.0008"
"15.6320","130.2836","0.0008"
"15.6520","130.4502","0.0009"
"15.6720","130.6165","0.0009"
"15.6920","130.7837","0.0009"
"15.7120","130.9504","0.0009"
"15.7320","131.1168","0.0009"
"15.7520","131.2837","0.0009"
"15.7720","131.4501","0.0009"
"15.7920","131.6166","0.0009"
"15.8120","131.7830","0.0009"
"15.8320","131.9491","0.0009"
"15.8520","132.1167","0.0009"
"15.8720","132.2836","0.0008"
"15.8920","132.4502","0.0008"
"15.9120","132.6170","0.0008"
"15.9320","132.7832","0.0009"
"15.9520","132.9493","0.0009"
"15.9720","133.1165","0.0009"
"15.9920","133.2833","0.0009"
"16.0120","133.4499","0.0009"
"16.0320","133.6169","0.0009"
"16.0520","133.7831","0.0008"
"16.0720","133.9497","0.0008"
"16.0920","134.1164","0.0009"
"16.1120","134.2824","0.0009"
"16.1320","134.4497","0.0009"
"16.1520","134.6168","0.0009"
"16.1720","134.7834","0.0009"
"16.1920","134.9503","0.0009"
"16.2120","135.1167","0.0009"
"16.2320","135.2830","0.0009"
"16.2520","135.4502","0.0009"
"16.2720","135.6170","0.0008"
"16.2920","135.7836","0.0008"
"16.3120","135.9509","0.0008"
"16.3320","136.1172","0.0008"
"16.3520","136.2838","0.0009"
"16.3720","136.4505","0.0009"
"16.3920","136.6165","0.0009"
"16.4120","136.7830","0.0009"
"16.4320","136.9501","0.0009"
"16.4520","137.1164","0.0009"
"16.4720","137.2835","0.0009"
"16.4920","137.4502","0.0009"
"16.5120","137.6161","0.0009"
"16.5320","137.7832","0.0009"
"16.5520","137.9501","0.0009"
"16.5720","138.1162","0.0009"
"16.5920","138.2831","0.0009"
"16.6120","138.4497","0.0009"
"16.6320","138.6163","0.0009"
"16.6520","138.7835","0.0009"
"16.6720","138.9498","0.0009"
"16.6920","139.1162","0.0009"
"16.7120","139.2830","0.0009"
"16.7320","139.4496","0.0009"
"16.7520","139.6167","0.0009"
"16.7720","139.7836","0.0009"
"16.7920","139.9499","0.0008"
"16.8120","140.1168","0.0008"
"16.8320","140.2837","0.0009"
"16.8520","140.4501","0.0009"
"16.8720","140.6170","0.0010"
"16.8920","140.7838","0.0009"
"16.9120","140.9506","0.0009"
"16.9320","141.1177","0.0009"
"16.9520","141.2839","0.0009"
"16.9720","141.4497","0.0009"
"16.9920","141.6165","0.0009"
"17.0120","141.7833","0.0009"
"17.0320","141.9500","0.0009"
"17.0520","142.1171","0.0009"
"17.0720","142.2832","0.0009"
"17.0920","142.4495","0.0009"
"17.1120","142.6166","0.0009"
"17.1320","142.7830","0.0009"
"17.1520","142.9496","0.0009"
"17.1720","143.1163","0.0009"
"17.1920","143.2827","0.0009"
"17.2120","143.4496","0.0010"
"17.2320","143.6163","0.0009"
"17.2520","143.7823","0.0009"
"17.2720","143.9495","0.0009"
"17.2920","144.1164","0.0009"
"17.3120","144.2829","0.0009"
"17.3320","144.4499","0.0010"
"17.3520","144.6163","0.0010"
"17.3720","144.7827","0.0010"
"17.3920","144.9502","0.0010"
"17.4120","145.1167","0.0009"
"17.4320","145.2835","0.0009"
"17.4520","145.4506","0.0009"
"17.4720","145.6168","0.0009"
"17.4920","145.7835","0.0009"
"17.5120","145.9508","0.0009"
"17.5320","146.1169","0.0009"
"17.5520","146.2839","0.0009"
"17.5720","146.4506","0.0009"
"17.5920","146.6168","0.0010"
"17.6120","146.7836","0.0010"
"17.6320","146.9501","0.0009"
"17.6520","147.1163","0.0009"
"17.6720","147.2836","0.0009"
"17.6920","147.4501","0.0010"
"17.7120","147.6164","0.0010"
"17.7320","147.7832","0.0010"
"17.7520","147.9497","0.0010"
"17.7720","148.1164","0.0010"
"17.7920","148.2833","0.0010"
"17.8120","148.4494","0.0010"
"17.8320","148.6163","0.0009"
"17.8520","148.7834","0.0009"
"17.8720","148.9497","0.0009"
"17.8920","149.1165","0.0009"
"17.9120","149.2831","0.0009"
"17.9320","149.4498","0.0009"
"17.9520","149.6170","0.0009"
"17.9720","149.7833","0.0009"
"17.9920","149.9494","0.0010"
"18.0120","150.1163","0.0010"
"18.0320","150.2830","0.0010"
"18.0520","150.4499","0.0010"
"18.0720","150.6170","0.0010"
"18.0920","150.7832","0.0009"
"18.1120","150.9499","0.0009"
"18.1320","151.1175","0.0009"
"18.1520","151.2838","0.0010"
"18.1720","151.4504","0.0010"
"18.1920","151.6171","0.0010"
"18.2120","151.7832","0.0010"
"18.2320","151.9501","0.0010"
"18.2520","152.1167","0.0009"
"18.2720","152.2831","0.0009"
"18.2920","152.4501","0.0010"
"18.3120","152.6168","0.0009"
"18.3320","152.7831","0.0010"
"18.3520","152.9498","0.0010"
"18.3720","153.1159","0.0010"
"18.3920","153.2824","0.0010"
"18.4120","153.4500","0.0010"
"18.4320","153.6169","0.0010"
"18.4520","153.7835","0.0009"
"18.4720","153.9502","0.0009"
"18.4920","154.1161","0.0010"
"18.5120","154.2829","0.0010"
"18.5320","154.4500","0.0011"
"18.5520","154.6164","0.0010"
"18.5720","154.7836","0.0010"
"18.5920","154.9504","0.0010"
"18.6120","155.1165","0.0010"
"18.6320","155.2831","0.0010"
"18.6520","155.4495","0.0010"
"18.6720","155.6156","0.0010"
"18.6920","155.7836","0.0010"
"18.7120","155.9509","0.0010"
"18.7320","156.1175","0.0010"
"18.7520","156.2838","0.0010"
"18.7720","156.4500","0.0010"
"18.7920","156.6166","0.0010"
"18.8120","156.7834","0.0010"
"18.8320","156.9498","0.0010"
"18.8520","157.1168","0.0010"
"18.8720","157.2836","0.0010"
"18.8920","157.4498","0.0009"
"18.9120","157.6167","0.0009"
"18.9320","157.7827","0.0010"
"18.9520","157.9487","0.0010"
"18.9720","158.1163","0.0010"
"18.9920","158.2832","0.0011"
"19.0120","158.4501","0.0011"
"19.0320","158.6171","0.0010"
"19.0520","158.7834","0.0010"
"19.0720","158.9500","0.0010"
"19.0920","159.1167","0.0010"
"19.1120","159.2827","0.0010"
"19.1320","159.4495","0.0010"
"19.1520","159.6169","0.0010"
"19.1720","159.7834","0.0010"
"19.1920","159.9505","0.0010"
"19.2120","160.1171","0.0010"
"19.2320","160.2828","0.0010"
"19.2520","160.4498","0.0010"
"19.2720","160.6170","0.0010"
"19.2920","160.7836","0.0010"
"19.3120","160.9509","0.0009"
"19.3320","161.1175","0.0010"
"19.3520","161.2837","0.0011"
"19.3720","161.4503","0.0011"
"19.3920","161.6161","0.0011"
"19.4120","161.7824","0.0010"
"19.4320","161.9500","0.0010"
"19.4520","162.1168","0.0010"
"19.4720","162.2838","0.0010"
"19.4920","162.4503","0.0010"
"19.5120","162.6158","0.0010"
"19.5320","162.7828","0.0010"
"19.5520","162.9496","0.0010"
"19.5720","163.1163","0.0010"
"19.5920","163.2832","0.0010"
"19.6120","163.4500","0.0010"
"19.6320","163.6165","0.0010"
"19.6520","163.7831","0.0011"
"19.6720","163.9496","0.0011"
"19.6920","164.1161","0.0011"
"19.7120","164.2832","0.0011"
"19.7320","164.4502","0.0011"
"19.7520","164.6169","0.0011"
"19.7720","164.7836","0.0010"
"19.7920","164.9497","0.0010"
"19.8120","165.1161","0.0011"
"19.8320","165.2833","0.0010"
"19.8520","165.4500","0.0010"
"19.8720","165.6170","0.0010"
"19.8920","165.7841","0.0010"
"19.9120","165.9504","0.0010"
"19.9320","166.1170","0.0010"
"19.9520","166.2838","0.0010"
"19.9720","166.4503","0.0010"
"19.9920","166.6171","0.0011"
"20.0120","166.7837","0.0011"
"20.0320","166.9499","0.0011"
"20.0520","167.1168","0.0011"
"20.0720","167.2833","0.0010"
"20.0920","167.4496","0.0010"
"20.1120","167.6168","0.0011"
"20.1320","167.7831","0.0011"
"20.1520","167.9495","0.0011"
"20.1720","168.1164","0.0011"
"20.1920","168.2827","0.0011"
"20.2120","168.4497","0.0011"
"20.2320","168.6166","0.0011"
"20.2520","168.7828","0.0010"
"20.2720","168.9500","0.0010"
"20.2920","169.1169","0.0011"
"20.3120","169.2832","0.0011"
"20.3320","169.4502","0.0010"
"20.3520","169.6168","0.0010"
"20.3720","169.7833","0.0011"
"20.3920","169.9503","0.0011"
"20.4120","170.1166","0.0011"
"20.4320","170.2826","0.0011"
"20.4520","170.4498","0.0010"
"20.4720","170.6168","0.0010"
"20.4920","170.7837","0.0011"
"20.5120","170.9509","0.0011"
"20.5320","171.1168","0.0012"
"20.5520","171.2831","0.0012"
"20.5720","171.4502","0.0011"
"20.5920","171.6165","0.0011"
"20.6120","171.7833","0.0011"
"20.6320","171.9499","0.0011"
"20.6520","172.1160","0.0011"
"20.6720","172.2832","0.0011"
"20.6920","172.4501","0.0011"
"20.7120","172.6166","0.0011"
"20.7320","172.7838","0.0011"
"20.7520","172.9502","0.0011"
"20.7720","173.1164","0.0011"
"20.7920","173.2836","0.0011"
"20.8120","173.4499","0.0011"
"20.8320","173.6165","0.0010"
"20.8520","173.7839","0.0010"
"20.8720","173.9503","0.0011"
"20.8920","174.1170","0.0011"
"20.9120","174.2834","0.0012"
"20.9320","174.4494","0.0011"
"20.9520","174.6167","0.0012"
"20.9720","174.7836","0.0011"
"20.9920","174.9501","0.0011"
"21.0120","175.1168","0.0011"
"21.0320","175.2828","0.0011"
"21.0520","175.4491","0.0011"
"21.0720","175.6162","0.0011"
"21.0920","175.7830","0.0011"
"21.1120","175.9499","0.0011"
"21.1320","176.1174","0.0011"
"21.1520","176.2838","0.0011"
"21.1720","176.4498","0.0011"
"21.1920","176.6162","0.0011"
"21.2120","176.7822","0.0011"
"21.2320","176.9493","0.0010"
"21.2520","177.1169","0.0011"
"21.2720","177.2835","0.0012"
"21.2920","177.4503","0.0012"
"21.3120","177.6169","0.0012"
"21.3320","177.7832","0.0012"
"21.3520","177.9501","0.0012"
"21.3720","178.1169","0.0011"
"21.3920","178.2831","0.0011"
"21.4120","178.4503","0.0011"
"21.4320","178.6170","0.0011"
"21.4520","178.7835","0.0011"
"21.4720","178.9502","0.0011"
"21.4920","179.1162","0.0011"
"21.5120","179.2830","0.0011"
"21.5320","179.4503","0.0011"
"21.5520","179.6167","0.0011"
"21.5720","179.7835","0.0012"
"21.5920","179.9502","0.0012"
"21.6120","180.1161","0.0012"
"21.6320","180.2832","0.0012"
"21.6520","180.4500","0.0012"
"21.6720","180.6159","0.0011"
"21.6920","180.7833","0.0011"
"21.7120","180.9503","0.0012"
"21.7320","181.1170","0.0011"
"21.7520","181.2840","0.0011"
"21.7720","181.4500","0.0011"
"21.7920","181.6162","0.0011"
"21.8120","181.7830","0.0011"
"21.8320","181.9496","0.0011"
"21.8520","182.1167","0.0011"
"21.8720","182.2837","0.0012"
"21.8920","182.4500","0.0012"
"21.9120","182.6167","0.0012"
"21.9320","182.7831","0.0011"
"21.9520","182.9491","0.0011"
"21.9720","183.1163","0.0012"
"21.9920","183.2837","0.0012"
"22.0120","183.4503","0.0013"
"22.0320","183.6170","0.0012"
"22.0520","183.7835","0.0012"
"22.0720","183.9494","0.0011"
"22.0920","184.1166","0.0011"
"22.1120","184.2834","0.0011"
"22.1320","184.4498","0.0011"
"22.1520","184.6170","0.0012"
"22.1720","184.7835","0.0012"
"22.1920","184.9501","0.0012"
"22.2120","185.1168","0.0011"
"22.2320","185.2825","0.0012"
"22.2520","185.4497","0.0012"
"22.2720","185.6172","0.0012"
"22.2920","185.7837","0.0012"
"22.3120","185.9507","0.0013"
"22.3320","186.1169","0.0013"
"22.3520","186.2830","0.0012"
"22.3720","186.4502","0.0012"
"22.3920","186.6168","0.0012"
"22.4120","186.7831","0.0012"
"22.4320","186.9500","0.0012"
"22.4520","187.1163","0.0012"
"22.4720","187.2831","0.0012"
"22.4920","187.4500","0.0011"
"22.5120","187.6160","0.0012"
"22.5320","187.7828","0.0012"
"22.5520","187.9502","0.0012"
"22.5720","188.1168","0.0012"
"22.5920","188.2835","0.0011"
"22.6120","188.4501","0.0012"
"22.6320","188.6163","0.0012"
"22.6520","188.7832","0.0013"
"22.6720","188.9499","0.0013"
"22.6920","189.1162","0.0013"
"22.7120","189.2832","0.0013"
"22.7320","189.4496","0.0013"
"22.7520","189.6162","0.0012"
"22.7720","189.7834","0.0012"
"22.7920","189.9497","0.0012"
"22.8120","190.1162","0.0012"
"22.8320","190.2837","0.0012"
"22.8520","190.4503","0.0012"
"22.8720","190.6167","0.0012"
"22.8920","190.7836","0.0012"
"22.9120","190.9506","0.0012"
"22.9320","191.1173","0.0012"
"22.9520","191.2838","0.0012"
"22.9720","191.4498","0.0012"
"22.9920","191.6168","0.0012"
"23.0120","191.7836","0.0013"
"23.0320","191.9500","0.0013"
"23.0520","192.1173","0.0013"
"23.0720","192.2835","0.0013"
"23.0920","192.4493","0.0012"
"23.1120","192.6167","0.0012"
"23.1320","192.7834","0.0012"
"23.1520","192.9501","0.0012"
"23.1720","193.1171","0.0012"
"23.1920","193.2835","0.0012"
"23.2120","193.4501","0.0012"
"23.2320","193.6167","0.0012"
"23.2520","193.7827","0.0013"
"23.2720","193.9493","0.0013"
"23.2920","194.1165","0.0014"
"23.3120","194.2832","0.0013"
"23.3320","194.4500","0.0013"
"23.3520","194.6165","0.0012"
"23.3720","194.7824","0.0012"
"23.3920","194.9498","0.0013"
"23.4120","195.1169","0.0013"
"23.4320","195.2833","0.0014"
"23.4520","195.4500","0.0013"
"23.4720","195.6165","0.0013"
"23.4920","195.7829","0.0013"
"23.5120","195.9503","0.0013"
"23.5320","196.1168","0.0013"
"23.5520","196.2835","0.0013"
"23.5720","196.4503","0.0013"
"23.5920","196.6168","0.0013"
"23.6120","196.7835","0.0013"
"23.6320","196.9501","0.0013"
"23.6520","197.1164","0.0013"
"23.6720","197.2838","0.0012"
"23.6920","197.4505","0.0013"
"23.7120","197.6165","0.0014"
"23.7320","197.7834","0.0014"
"23.7520","197.9501","0.0014"
"23.7720","198.1164","0.0014"
"23.7920","198.2837","0.0014"
"23.8120","198.4502","0.0013"
"23.8320","198.6165","0.0013"
"23.8520","198.7836","0.0013"
"23.8720","198.9498","0.0013"
"23.8920","199.1165","0.0013"
"23.9120","199.2834","0.0013"
"23.9320","199.4495","0.0013"
"23.9520","199.6163","0.0013"
"23.9720","199.7834","0.0013"
"23.9920","199.9498","0.0014"
"24.0120","200.1169","0.0014"
"24.0320","200.2832","0.0014"
"24.0520","200.4498","0.0014"
"24.0720","200.6170","0.0014"
"24.0920","200.7835","0.0014"
"24.1120","200.9500","0.0014"
"24.1320","201.1168","0.0013"
"24.1520","201.2835","0.0013"
"24.1720","201.4502","0.0013"
"24.1920","201.6169","0.0013"
"24.2120","201.7828","0.0013"
"24.2320","201.9495","0.0014"
"24.2520","202.1165","0.0013"
"24.2720","202.2831","0.0013"
"24.2920","202.4502","0.0014"
"24.3120","202.6171","0.0014"
"24.3320","202.7834","0.0014"
"24.3520","202.9499","0.0015"
"24.3720","203.1165","0.0015"
"24.3920","203.2829","0.0015"
"24.4120","203.4502","0.0014"
"24.4320","203.6172","0.0014"
"24.4520","203.7838","0.0013"
"24.4720","203.9506","0.0013"
"24.4920","204.1166","0.0013"
"24.5120","204.2831","0.0013"
"24.5320","204.4500","0.0013"
"24.5520","204.6165","0.0014"
"24.5720","204.7836","0.0014"
"24.5920","204.9504","0.0013"
"24.6120","205.1166","0.0013"
"24.6320","205.2832","0.0014"
"24.6520","205.4499","0.0015"
"24.6720","205.6165","0.0015"
"24.6920","205.7838","0.0015"
"24.7120","205.9507","0.0015"
"24.7320","206.1169","0.0014"
"24.7520","206.2836","0.0013"
"24.7720","206.4500","0.0014"
"24.7920","206.6161","0.0014"
"24.8120","206.7831","0.0014"
"24.8320","206.9499","0.0014"
"24.8520","207.1164","0.0015"
"24.8720","207.2832","0.0015"
"24.8920","207.4499","0.0015"
"24.9120","207.6164","0.0015"
"24.9320","207.7832","0.0015"
"24.9520","207.9494","0.0015"
"24.9720","208.1161","0.0015"
"24.9920","208.2832","0.0015"
"25.0120","208.4500","0.0014"
"25.0320","208.6168","0.0014"
"25.0520","208.7833","0.0014"
"25.0720","208.9497","0.0014"
"25.0920","209.1167","0.0014"
"25.1120","209.2834","0.0015"
"25.1320","209.4496","0.0014"
"25.1520","209.6167","0.0014"
"25.1720","209.7833","0.0014"
"25.1920","209.9500","0.0016"
"25.2120","210.1170","0.0015"
"25.2320","210.2831","0.0016"
"25.2520","210.4497","0.0016"
"25.2720","210.6171","0.0015"
"25.2920","210.7837","0.0014"
"25.3120","210.9507","0.0014"
"25.3320","211.1176","0.0015"
"25.3520","211.2835","0.0014"
"25.3720","211.4502","0.0014"
"25.3920","211.6169","0.0015"
"25.4120","211.7831","0.0016"
"25.4320","211.9502","0.0016"
"25.4520","212.1171","0.0016"
"25.4720","212.2834","0.0016"
"25.4920","212.4501","0.0015"
"25.5120","212.6163","0.0015"
"25.5320","212.7825","0.0015"
"25.5520","212.9495","0.0015"
"25.5720","213.1166","0.0015"
"25.5920","213.2834","0.0015"
"25.6120","213.4502","0.0015"
"25.6320","213.6160","0.0015"
"25.6520","213.7828","0.0015"
"25.6720","213.9498","0.0015"
"25.6920","214.1163","0.0015"
"25.7120","214.2833","0.0016"
"25.7320","214.4500","0.0016"
"25.7520","214.6164","0.0017"
"25.7720","214.7833","0.0016"
"25.7920","214.9496","0.0015"
"25.8120","215.1161","0.0015"
"25.8320","215.2835","0.0015"
"25.8520","215.4505","0.0015"
"25.8720","215.6172","0.0015"
"25.8920","215.7840","0.0015"
"25.9120","215.9503","0.0016"
"25.9320","216.1171","0.0016"
"25.9520","216.2841","0.0016"
"25.9720","216.4505","0.0017"
"25.9920","216.6171","0.0017"
"26.0120","216.7835","0.0017"
"26.0320","216.9497","0.0016"
"26.0520","217.1168","0.0016"
"26.0720","217.2835","0.0016"
"26.0920","217.4493","0.0015"
"26.1120","217.6167","0.0015"
"26.1320","217.7834","0.0016"
"26.1520","217.9500","0.0016"
"26.1720","218.1169","0.0016"
"26.1920","218.2832","0.0015"
"26.2120","218.4500","0.0016"
"26.2320","218.6170","0.0017"
"26.2520","218.7832","0.0017"
"26.2720","218.9498","0.0018"
"26.2920","219.1164","0.0017"
"26.3120","219.2826","0.0016"
"26.3320","219.4498","0.0016"
"26.3520","219.6165","0.0016"
"26.3720","219.7825","0.0016"
"26.3920","219.9498","0.0017"
"26.4120","220.1169","0.0017"
"26.4320","220.2834","0.0017"
"26.4520","220.4502","0.0018"
"26.4720","220.6169","0.0018"
"26.4920","220.7834","0.0017"
"26.5120","220.9506","0.0017"
"26.5320","221.1171","0.0017"
"26.5520","221.2835","0.0016"
"26.5720","221.4502","0.0016"
"26.5920","221.6165","0.0016"
"26.6120","221.7834","0.0017"
"26.6320","221.9501","0.0017"
"26.6520","222.1156","0.0017"
"26.6720","222.2830","0.0017"
"26.6920","222.4503","0.0018"
"26.7120","222.6167","0.0018"
"26.7320","222.7837","0.0018"
"26.7520","222.9501","0.0018"
"26.7720","223.1165","0.0017"
"26.7920","223.2834","0.0017"
"26.8120","223.4501","0.0017"
"26.8320","223.6167","0.0017"
"26.8520","223.7837","0.0017"
"26.8720","223.9502","0.0018"
"26.8920","224.1165","0.0019"
"26.9120","224.2831","0.0019"
"26.9320","224.4491","0.0019"
"26.9520","224.6160","0.0018"
"26.9720","224.7836","0.0018"
"26.9920","224.9506","0.0018"
"27.0120","225.1171","0.0017"
"27.0320","225.2837","0.0017"
"27.0520","225.4497","0.0017"
"27.0720","225.6164","0.0017"
"27.0920","225.7836","0.0018"
"27.1120","225.9505","0.0018"
"27.1320","226.1173","0.0018"
"27.1520","226.2837","0.0019"
"27.1720","226.4499","0.0019"
"27.1920","226.6167","0.0020"
"27.2120","226.7827","0.0019"
"27.2320","226.9491","0.0018"
"27.2520","227.1170","0.0018"
"27.2720","227.2836","0.0018"
"27.2920","227.4499","0.0018"
"27.3120","227.6167","0.0018"
"27.3320","227.7830","0.0019"
"27.3520","227.9495","0.0020"
"27.3720","228.1168","0.0020"
"27.3920","228.2833","0.0020"
"27.4120","228.4501","0.0019"
"27.4320","228.6169","0.0018"
"27.4520","228.7834","0.0018"
"27.4720","228.9501","0.0018"
"27.4920","229.1161","0.0018"
"27.5120","229.2824","0.0018"
"27.5320","229.4498","0.0018"
"27.5520","229.6166","0.0018"
"27.5720","229.7833","0.0019"
"27.5920","229.9502","0.0020"
"27.6120","230.1168","0.0020"
"27.6320","230.2831","0.0020"
"27.6520","230.4502","0.0020"
"27.6720","230.6166","0.0020"
"27.6920","230.7834","0.0019"
"27.7120","230.9506","0.0019"
"27.7320","231.1172","0.0018"
"27.7520","231.2838","0.0018"
"27.7720","231.4501","0.0019"
"27.7920","231.6156","0.0019"
"27.8120","231.7830","0.0019"
"27.8320","231.9504","0.0020"
"27.8520","232.1168","0.0021"
"27.8720","232.2840","0.0021"
"27.8920","232.4502","0.0020"
"27.9120","232.6161","0.0019"
"27.9320","232.7833","0.0019"
"27.9520","232.9496","0.0019"
"27.9720","233.1161","0.0020"
"27.9920","233.2834","0.0021"
"28.0120","233.4503","0.0021"
"28.0320","233.6169","0.0021"
"28.0520","233.7831","0.0021"
"28.0720","233.9487","0.0021"
"28.0920","234.1159","0.0020"
"28.1120","234.2831","0.0020"
"28.1320","234.4499","0.0020"
"28.1520","234.6171","0.0020"
"28.1720","234.7833","0.0020"
"28.1920","234.9496","0.0020"
"28.2120","235.1167","0.0020"
"28.2320","235.2831","0.0021"
"28.2520","235.4496","0.0022"
"28.2720","235.6172","0.0022"
"28.2920","235.7839","0.0022"
"28.3120","235.9507","0.0021"
"28.3320","236.1173","0.0020"
"28.3520","236.2830","0.0020"
"28.3720","236.4500","0.0020"
"28.3900","236.6004","0.0022"
"28.4100","236.7669","0.0022"
"28.4300","236.9338","0.0023"
"28.4500","237.1003","0.0023"
"28.4700","237.2667","0.0022"
"28.4900","237.4334","0.0021"
"28.5100","237.6000","0.0021"
"28.5300","237.7661","0.0021"
"28.5500","237.9333","0.0021"
"28.5700","238.1000","0.0021"
"28.5900","238.2668","0.0021"
"28.6100","238.4337","0.0022"
"28.6300","238.5999","0.0023"
"28.6500","238.7664","0.0023"
"28.6700","238.9333","0.0024"
"28.6900","239.0994","0.0023"
"28.7100","239.2661","0.0023"
"28.7300","239.4329","0.0022"
"28.7500","239.5993","0.0021"
"28.7700","239.7665","0.0021"
"28.7900","239.9333","0.0021"
"28.8100","240.0992","0.0022"
"28.8300","240.2662","0.0022"
"28.8500","240.4331","0.0023"
"28.8700","240.5998","0.0023"
"28.8900","240.7672","0.0024"
"28.9100","240.9339","0.0024"
"28.9300","241.1002","0.0024"
"28.9500","241.2670","0.0023"
"28.9700","241.4336","0.0023"
"28.9900","241.6002","0.0024"
"29.0100","241.7670","0.0025"
"29.0300","241.9335","0.0025"
"29.0500","242.1003","0.0025"
"29.0700","242.2671","0.0024"
"29.0900","242.4333","0.0023"
"29.1100","242.6001","0.0023"
"29.1300","242.7668","0.0023"
"29.1500","242.9333","0.0023"
"29.1700","243.1001","0.0023"
"29.1900","243.2669","0.0024"
"29.2100","243.4331","0.0024"
"29.2300","243.6000","0.0026"
"29.2500","243.7668","0.0025"
"29.2700","243.9333","0.0024"
"29.2900","244.1001","0.0023"
"29.3100","244.2662","0.0023"
"29.3300","244.4327","0.0024"
"29.3500","244.5995","0.0025"
"29.3700","244.7662","0.0026"
"29.3900","244.9332","0.0026"
"29.4100","245.1004","0.0027"
"29.4300","245.2669","0.0026"
"29.4500","245.4331","0.0025"
"29.4700","245.5996","0.0024"
"29.4900","245.7660","0.0024"
"29.5100","245.9335","0.0024"
"29.5300","246.1006","0.0024"
"29.5500","246.2669","0.0024"
"29.5700","246.4336","0.0026"
"29.5900","246.5997","0.0026"
"29.6100","246.7659","0.0027"
"29.6300","246.9331","0.0028"
"29.6500","247.0998","0.0027"
"29.6700","247.2666","0.0027"
"29.6900","247.4338","0.0026"
"29.7100","247.6002","0.0026"
"29.7240","247.7169","0.0028"
"29.7440","247.8833","0.0028"
"29.7640","248.0499","0.0028"
"29.7840","248.2167","0.0027"
"29.8040","248.3840","0.0026"
"29.8240","248.5505","0.0025"
"29.8440","248.7168","0.0026"
"29.8640","248.8831","0.0026"
"29.8840","249.0495","0.0026"
"29.9040","249.2163","0.0027"
"29.9180","249.3333","0.0028"
"29.9380","249.5000","0.0028"
"29.9580","249.6666","0.0027"
"29.9780","249.8336","0.0026"
"29.9980","250.0000","0.0026"
"30.0180","250.1666","0.0026"
"30.0380","250.3333","0.0028"
"30.0580","250.4994","0.0029"
"30.0780","250.6667","0.0029"
"30.0980","250.8337","0.0030"
"30.1180","251.0002","0.0029"
"30.1380","251.1671","0.0028"
"30.1580","251.3335","0.0027"
"30.1780","251.5000","0.0027"
"30.1980","251.6667","0.0027"
"30.2180","251.8327","0.0027"
"30.2380","251.9994","0.0028"
"30.2560","252.1500","0.0029"
"30.2760","252.3167","0.0030"
"30.2960","252.4834","0.0031"
"30.3160","252.6499","0.0030"
"30.3320","252.7828","0.0029"
"30.3520","252.9497","0.0028"
"30.3720","253.1170","0.0028"
"30.3920","253.2834","0.0028"
"30.4080","253.4170","0.0030"
"30.4280","253.5836","0.0030"
"30.4440","253.7166","0.0032"
"30.4640","253.8831","0.0032"
"30.4840","254.0498","0.0031"
"30.5040","254.2158","0.0031"
"30.5240","254.3828","0.0031"
"30.5440","254.5502","0.0030"
"30.5640","254.7171","0.0029"
"30.5840","254.8839","0.0029"
"30.6040","255.0504","0.0029"
"30.6240","255.2164","0.0029"
"30.6440","255.3833","0.0030"
"30.6560","255.4834","0.0031"
"30.6760","255.6503","0.0032"
"30.6920","255.7841","0.0033"
"30.7120","255.9509","0.0033"
"30.7260","256.0671","0.0032"
"30.7460","256.2335","0.0030"
"30.7660","256.4001","0.0030"
"30.7800","256.5165","0.0031"
"30.8000","256.6828","0.0032"
"30.8140","256.8000","0.0034"
"30.8340","256.9666","0.0034"
"30.8540","257.1332","0.0032"
"30.8740","257.3001","0.0031"
"30.8940","257.4664","0.0031"
"30.9140","257.6328","0.0031"
"30.9340","257.8002","0.0031"
"30.9540","257.9669","0.0031"
"30.9660","258.0668","0.0032"
"30.9860","258.2335","0.0033"
"31.0000","258.3499","0.0035"
"31.0200","258.5162","0.0035"
"31.0400","258.6833","0.0035"
"31.0560","258.8167","0.0034"
"31.0720","258.9496","0.0032"
"31.0920","259.1165","0.0032"
"31.1120","259.2832","0.0032"
"31.1320","259.4497","0.0033"
"31.1440","259.5498","0.0034"
"31.1640","259.7169","0.0035"
"31.1840","259.8833","0.0036"
"31.2040","260.0501","0.0035"
"31.2240","260.2169","0.0034"
"31.2440","260.3831","0.0033"
"31.2640","260.5497","0.0032"
"31.2840","260.7167","0.0032"
"31.3040","260.8836","0.0033"
"31.3200","261.0174","0.0034"
"31.3320","261.1175","0.0036"
"31.3520","261.2830","0.0036"
"31.3680","261.4160","0.0037"
"31.3880","261.5834","0.0036"
"31.4080","261.7501","0.0036"
"31.4220","261.8667","0.0037"
"31.4420","262.0338","0.0038"
"31.4620","262.2005","0.0039"
"31.4780","262.3333","0.0037"
"31.4920","262.4501","0.0036"
"31.5120","262.6167","0.0035"
"31.5320","262.7829","0.0035"
"31.5520","262.9497","0.0036"
"31.5660","263.0666","0.0037"
"31.5760","263.1500","0.0039"
"31.5960","263.3171","0.0039"
"31.6120","263.4505","0.0038"
"31.6240","263.5504","0.0037"
"31.6440","263.7159","0.0035"
"31.6640","263.8829","0.0035"
"31.6840","264.0496","0.0035"
"31.7020","264.1996","0.0036"
"31.7200","264.3498","0.0038"
"31.7300","264.4334","0.0039"
"31.7500","264.5999","0.0039"
"31.7700","264.7667","0.0040"
"31.7900","264.9339","0.0039"
"31.8060","265.0667","0.0038"
"31.8220","265.1997","0.0037"
"31.8420","265.3669","0.0036"
"31.8620","265.5331","0.0036"
"31.8820","265.6999","0.0036"
"31.8960","265.8168","0.0038"
"31.9060","265.9001","0.0039"
"31.9260","266.0661","0.0040"
"31.9420","266.2001","0.0041"
"31.9620","266.3672","0.0041"
"31.9740","266.4669","0.0040"
"31.9940","266.6333","0.0039"
"32.0040","266.7165","0.0040"
"32.0240","266.8831","0.0041"
"32.0440","267.0497","0.0042"
"32.0640","267.2170","0.0041"
"32.0760","267.3173","0.0040"
"32.0920","267.4502","0.0038"
"32.1120","267.6168","0.0038"
"32.1320","267.7836","0.0038"
"32.1520","267.9498","0.0039"
"32.1640","268.0499","0.0040"
"32.1760","268.1500","0.0042"
"32.1840","268.2167","0.0043"
"32.2040","268.3831","0.0043"
"32.2240","268.5501","0.0043"
"32.2360","268.6505","0.0042"
"32.2480","268.7505","0.0041"
"32.2680","268.9164","0.0040"
"32.2820","269.0332","0.0041"
"32.2920","269.1167","0.0042"
"32.3020","269.2000","0.0044"
"32.3220","269.3664","0.0044"
"32.3420","269.5335","0.0045"
"32.3580","269.6672","0.0044"
"32.3740","269.7999","0.0042"
"32.3940","269.9662","0.0041"
"32.4140","270.1334","0.0041"
"32.4340","270.2998","0.0041"
"32.4540","270.4668","0.0041"
"32.4660","270.5669","0.0043"
"32.4740","270.6336","0.0044"
"32.4940","270.7996","0.0045"
"32.5040","270.8830","0.0046"
"32.5240","271.0503","0.0047"
"32.5340","271.1334","0.0045"
"32.5420","271.2000","0.0044"
"32.5520","271.2834","0.0043"
"32.5720","271.4502","0.0042"
"32.5860","271.5667","0.0043"
"32.5940","271.6333","0.0044"
"32.6120","271.7831","0.0046"
"32.6260","271.9000","0.0047"
"32.6460","272.0664","0.0048"
"32.6620","272.1992","0.0046"
"32.6780","272.3329","0.0045"
"32.6980","272.5002","0.0044"
"32.7180","272.6667","0.0043"
"32.7380","272.8336","0.0043"
"32.7580","273.0001","0.0044"
"32.7660","273.0665","0.0045"
"32.7760","273.1495","0.0047"
"32.7960","273.3167","0.0048"
"32.8060","273.4002","0.0049"
"32.8260","273.5669","0.0049"
"32.8420","273.7004","0.0050"
"32.8620","273.8671","0.0049"
"32.8700","273.9336","0.0048"
"32.8800","274.0167","0.0047"
"32.9000","274.1834","0.0046"
"32.9200","274.3503","0.0047"
"32.9300","274.4334","0.0048"
"32.9380","274.4997","0.0050"
"32.9500","274.5994","0.0051"
"32.9700","274.7668","0.0051"
"32.9900","274.9337","0.0050"
"33.0060","275.0668","0.0049"
"33.0220","275.2001","0.0048"
"33.0420","275.3667","0.0046"
"33.0620","275.5326","0.0046"
"33.0820","275.7002","0.0047"
"33.0960","275.8173","0.0048"
"33.1040","275.8840","0.0050"
"33.1120","275.9507","0.0051"
"33.1320","276.1174","0.0052"
"33.1440","276.2174","0.0054"
"33.1640","276.3833","0.0054"
"33.1740","276.4663","0.0052"
"33.1880","276.5831","0.0051"
"33.2020","276.7000","0.0052"
"33.2100","276.7666","0.0054"
"33.2300","276.9328","0.0054"
"33.2400","277.0163","0.0053"
"33.2520","277.1168","0.0051"
"33.2620","277.2003","0.0050"
"33.2820","277.3665","0.0050"
"33.2920","277.4498","0.0052"
"33.3000","277.5166","0.0053"
"33.3200","277.6833","0.0054"
"33.3400","277.8494","0.0053"
"33.3540","277.9660","0.0052"
"33.3740","278.1333","0.0051"
"33.3940","278.3000","0.0051"
"33.4140","278.4667","0.0051"
"33.4340","278.6333","0.0051"
"33.4440","278.7164","0.0052"
"33.4540","278.7996","0.0054"
"33.4620","278.8664","0.0055"
"33.4700","278.9331","0.0057"
"33.4900","279.1001","0.0057"
"33.5100","279.2660","0.0058"
"33.5180","279.3327","0.0056"
"33.5260","279.3997","0.0055"
"33.5340","279.4666","0.0053"
"33.5440","279.5502","0.0052"
"33.5640","279.7168","0.0051"
"33.5740","279.8001","0.0053"
"33.5840","279.8838","0.0054"
"33.5920","279.9507","0.0056"
"33.5980","280.0006","0.0057"
"33.6180","280.1669","0.0058"
"33.6300","280.2667","0.0059"
"33.6500","280.4336","0.0058"
"33.6640","280.5502","0.0057"
"33.6760","280.6500","0.0056"
"33.6880","280.7502","0.0054"
"33.7040","280.8840","0.0053"
"33.7240","281.0507","0.0053"
"33.7440","281.2169","0.0054"
"33.7560","281.3172","0.0055"
"33.7620","281.3672","0.0057"
"33.7680","281.4170","0.0058"
"33.7880","281.5827","0.0059"
"33.7980","281.6660","0.0061"
"33.8060","281.7328","0.0062"
"33.8220","281.8667","0.0061"
"33.8300","281.9335","0.0059"
"33.8400","282.0167","0.0058"
"33.8560","282.1501","0.0059"
"33.8620","282.2002","0.0061"
"33.8700","282.2670","0.0062"
"33.8900","282.4336","0.0063"
"33.9100","282.5995","0.0062"
"33.9180","282.6661","0.0060"
"33.9260","282.7331","0.0059"
"33.9340","282.7999","0.0058"
"33.9520","282.9498","0.0056"
"33.9720","283.1165","0.0057"
"33.9920","283.2836","0.0057"
"34.0080","283.4169","0.0059"
"34.0180","283.5000","0.0060"
"34.0240","283.5499","0.0062"
"34.0300","283.5999","0.0063"
"34.0360","283.6500","0.0065"
"34.0560","283.8167","0.0063"
"34.0640","283.8832","0.0062"
"34.0700","283.9330","0.0060"
"34.0800","284.0160","0.0059"
"34.1000","284.1832","0.0061"
"34.1060","284.2333","0.0062"
"34.1220","284.3669","0.0063"
"34.1340","284.4667","0.0065"
"34.1400","284.5168","0.0066"
"34.1600","284.6836","0.0066"
"34.1680","284.7502","0.0064"
"34.1760","284.8167","0.0063"
"34.1840","284.8829","0.0062"
"34.1960","284.9826","0.0061"
"34.2160","285.1498","0.0059"
"34.2360","285.3165","0.0059"
"34.2500","285.4333","0.0061"
"34.2600","285.5166","0.0062"
"34.2680","285.5835","0.0064"
"34.2740","285.6336","0.0065"
"34.2800","285.6837","0.0067"
"34.3000","285.8502","0.0067"
"34.3120","285.9502","0.0069"
"34.3320","286.1171","0.0067"
"34.3380","286.1671","0.0066"
"34.3440","286.2170","0.0064"
"34.3520","286.2834","0.0063"
"34.3720","286.4498","0.0062"
"34.3860","286.5670","0.0063"
"34.3920","286.6171","0.0065"
"34.3980","286.6672","0.0066"
"34.4020","286.7005","0.0068"
"34.4140","286.8001","0.0069"
"34.4320","286.9499","0.0070"
"34.4520","287.1169","0.0071"
"34.4620","287.2000","0.0069"
"34.4720","287.2828","0.0068"
"34.4820","287.3661","0.0067"
"34.4920","287.4500","0.0065"
"34.5040","287.5504","0.0064"
"34.5240","287.7170","0.0063"
"34.5440","287.8835","0.0065"
"34.5560","287.9834","0.0066"
"34.5620","288.0334","0.0068"
"34.5680","288.0834","0.0069"
"34.5740","288.1334","0.0071"
"34.5940","288.2998","0.0072"
"34.6100","288.4333","0.0073"
"34.6180","288.5001","0.0074"
"34.6360","288.6501","0.0073"
"34.6560","288.8165","0.0073"
"34.6640","288.8833","0.0075"
"34.6840","289.0500","0.0073"
"34.6900","289.0999","0.0072"
"34.6960","289.1497","0.0070"
"34.7040","289.2163","0.0069"
"34.7240","289.3833","0.0068"
"34.7360","289.4833","0.0070"
"34.7420","289.5332","0.0071"
"34.7480","289.5830","0.0072"
"34.7560","289.6496","0.0074"
"34.7620","289.6997","0.0075"
"34.7680","289.7497","0.0077"
"34.7740","289.7999","0.0079"
"34.7900","289.9337","0.0077"
"34.7960","289.9837","0.0076"
"34.8040","290.0502","0.0074"
"34.8120","290.1166","0.0073"
"34.8200","290.1832","0.0071"
"34.8300","290.2666","0.0070"
"34.8440","290.3832","0.0068"
"34.8640","290.5498","0.0068"
"34.8760","290.6498","0.0069"
"34.8820","290.7000","0.0071"
"34.8860","290.7335","0.0072"
"34.8900","290.7670","0.0073"
"34.8940","290.8005","0.0075"
"34.9040","290.8839","0.0076"
"34.9220","291.0334","0.0077"
"34.9280","291.0832","0.0079"
"34.9480","291.2501","0.0079"
"34.9560","291.3168","0.0077"
"34.9640","291.3836","0.0076"
"34.9700","291.4335","0.0075"
"34.9780","291.5001","0.0073"
"34.9880","291.5834","0.0071"
"35.0000","291.6835","0.0070"
"35.0200","291.8502","0.0070"
"35.0340","291.9663","0.0071"
"35.0420","292.0327","0.0073"
"35.0480","292.0826","0.0074"
"35.0520","292.1160","0.0076"
"35.0560","292.1494","0.0077"
"35.0600","292.1830","0.0078"
"35.0680","292.2499","0.0080"
"35.0880","292.4167","0.0079"
"35.1000","292.5166","0.0077"
"35.1060","292.5665","0.0076"
"35.1120","292.6166","0.0074"
"35.1200","292.6833","0.0073"
"35.1400","292.8501","0.0074"
"35.1480","292.9167","0.0076"
"35.1680","293.0833","0.0076"
"35.1760","293.1500","0.0074"
"35.1820","293.2000","0.0073"
"35.1900","293.2666","0.0071"
"35.1960","293.3165","0.0069"
"35.2020","293.3665","0.0068"
"35.2060","293.3995","0.0066"
"35.2100","293.4328","0.0065"
"35.2140","293.4661","0.0063"
"35.2180","293.4995","0.0061"
"35.2200","293.5162","0.0059"
"35.2220","293.5328","0.0056"
"35.2240","293.5497","0.0053"
"35.2260","293.5663","0.0051"
"35.2280","293.5831","0.0048"
"35.2300","293.5999","0.0044"
"35.2320","293.6166","0.0041"
"35.2340","293.6333","0.0038"
"35.2360","293.6500","0.0035"
"35.2380","293.6668","0.0033"
"35.2400","293.6836","0.0030"
"35.2420","293.7003","0.0028"
"35.2440","293.7170","0.0025"
"35.2460","293.7337","0.0023"
"35.2480","293.7504","0.0021"
"35.2500","293.7670","0.0019"
"35.2520","293.7837","0.0017"
"35.2540","293.8004","0.0016"
"35.2560","293.8171","0.0015"
"35.2600","293.8504","0.0013"
"35.2640","293.8837","0.0011"
"35.2720","293.9503","0.0010"
"35.2920","294.1171","0.0011"
"35.3020","294.2003","0.0012"
"35.3140","294.2999","0.0014"
"35.3340","294.4659","0.0015"
"35.3540","294.6333","0.0016"
"35.3740","294.8000","0.0016"
"35.3940","294.9669","0.0015"
"35.4140","295.1339","0.0015"
"35.4340","295.3000","0.0014"
"35.4460","295.3996","0.0012"
"35.4660","295.5664","0.0012"
"35.4860","295.7329","0.0013"
"35.5060","295.8996","0.0013"
"35.5260","296.0671","0.0014"
"35.5460","296.2338","0.0015"
"35.5660","296.4002","0.0015"
"35.5860","296.5668","0.0015"
"35.6060","296.7331","0.0015"
"35.6260","296.8997","0.0016"
"35.6460","297.0668","0.0017"
"35.6660","297.2335","0.0016"
"35.6860","297.4001","0.0016"
"35.7060","297.5665","0.0015"
"35.7260","297.7328","0.0015"
"35.7460","297.8998","0.0016"
"35.7660","298.0664","0.0016"
"35.7860","298.2328","0.0017"
"35.8060","298.4006","0.0018"
"35.8260","298.5670","0.0017"
"35.8460","298.7335","0.0016"
"35.8660","298.9001","0.0016"
"35.8860","299.0663","0.0016"
"35.9040","299.2162","0.0015"
"35.9200","299.3502","0.0014"
"35.9400","299.5167","0.0013"
"35.9600","299.6833","0.0014"
"35.9800","299.8503","0.0014"
"36.0000","300.0168","0.0014"
"36.0200","300.1836","0.0015"
"36.0400","300.3503","0.0015"
"36.0600","300.5161","0.0014"
"36.0800","300.6836","0.0013"
"36.1000","300.8507","0.0013"
"36.1200","301.0171","0.0014"
"36.1400","301.1841","0.0014"
"36.1560","301.3173","0.0012"
"36.1760","301.4834","0.0011"
"36.1960","301.6500","0.0012"
"36.2160","301.8165","0.0012"
"36.2360","301.9829","0.0011"
"36.2560","302.1501","0.0012"
"36.2760","302.3166","0.0012"
"36.2960","302.4828","0.0012"
"36.3160","302.6497","0.0012"
"36.3360","302.8156","0.0011"
"36.3560","302.9821","0.0010"
"36.3760","303.1497","0.0010"
"36.3960","303.3167","0.0010"
"36.4160","303.4839","0.0011"
"36.4360","303.6506","0.0011"
"36.4560","303.8166","0.0011"
"36.4760","303.9831","0.0011"
"36.4960","304.1498","0.0011"
"36.5160","304.3160","0.0012"
"36.5360","304.4833","0.0012"
"36.5560","304.6503","0.0012"
"36.5760","304.8169","0.0011"
"36.5960","304.9837","0.0011"
"36.6160","305.1498","0.0012"
"36.6360","305.3161","0.0013"
"36.6560","305.4836","0.0012"
"36.6760","305.6505","0.0012"
"36.6960","305.8173","0.0011"
"36.7160","305.9840","0.0011"
"36.7360","306.1504","0.0010"
"36.7560","306.3170","0.0010"
"36.7760","306.4836","0.0010"
"36.7960","306.6496","0.0010"
"36.8160","306.8166","0.0010"
"36.8360","306.9836","0.0010"
"36.8560","307.1500","0.0010"
"36.8760","307.3167","0.0010"
"36.8960","307.4832","0.0011"
"36.9160","307.6493","0.0011"
"36.9360","307.8166","0.0012"
"36.9560","307.9833","0.0012"
"36.9760","308.1498","0.0013"
"36.9960","308.3166","0.0013"
"37.0160","308.4830","0.0014"
"37.0360","308.6497","0.0015"
"37.0560","308.8170","0.0016"
"37.0760","308.9833","0.0017"
"37.0900","309.0996","0.0015"
"37.0960","309.1497","0.0014"
"37.1020","309.1997","0.0013"
"37.1100","309.2664","0.0011"
"37.1220","309.3664","0.0010"
"37.1420","309.5329","0.0010"
"37.1620","309.7002","0.0010"
"37.1820","309.8669","0.0010"
"37.2020","310.0330","0.0010"
"37.2220","310.2003","0.0010"
"37.2420","310.3668","0.0010"
"37.2620","310.5332","0.0011"
"37.2820","310.7002","0.0011"
"37.3020","310.8668","0.0011"
"37.3220","311.0337","0.0010"
"37.3420","311.2007","0.0010"
"37.3620","311.3664","0.0011"
"37.3820","311.5329","0.0011"
"37.4020","311.6998","0.0012"
"37.4220","311.8666","0.0012"
"37.4420","312.0334","0.0012"
"37.4620","312.2001","0.0012"
"37.4820","312.3660","0.0013"
"37.5020","312.5329","0.0012"
"37.5220","312.7000","0.0011"
"37.5420","312.8664","0.0010"
"37.5620","313.0334","0.0010"
"37.5820","313.2002","0.0010"
"37.6020","313.3666","0.0010"
"37.6220","313.5337","0.0010"
"37.6420","313.6998","0.0010"
"37.6620","313.8662","0.0010"
"37.6820","314.0336","0.0011"
"37.7020","314.2001","0.0011"
"37.7220","314.3667","0.0012"
"37.7420","314.5334","0.0012"
"37.7620","314.6994","0.0012"
"37.7820","314.8666","0.0013"
"37.8020","315.0335","0.0013"
"37.8220","315.2003","0.0012"
"37.8420","315.3672","0.0012"
"37.8620","315.5333","0.0013"
"37.8820","315.6999","0.0013"
"37.9020","315.8671","0.0014"
"37.9220","316.0335","0.0014"
"37.9420","316.2001","0.0014"
"37.9620","316.3672","0.0014"
"37.9820","316.5332","0.0014"
"38.0020","316.6999","0.0013"
"38.0220","316.8666","0.0012"
"38.0420","317.0327","0.0012"
"38.0620","317.1998","0.0011"
"38.0820","317.3668","0.0011"
"38.1020","317.5331","0.0011"
"38.1220","317.6997","0.0010"
"38.1420","317.8665","0.0009"
"38.1620","318.0328","0.0008"
"38.1820","318.2000","0.0008"
"38.2020","318.3669","0.0008"
"38.2220","318.5333","0.0008"
"38.2420","318.7004","0.0007"
"38.2620","318.8667","0.0007"
"38.2820","319.0330","0.0007"
"38.3020","319.2000","0.0006"
"38.3220","319.3664","0.0006"
"38.3420","319.5334","0.0005"
"38.3620","319.7005","0.0005"
"38.3820","319.8666","0.0004"
"38.4020","320.0333","0.0004"
"38.4220","320.2003","0.0004"
"38.4420","320.3667","0.0004"
"38.4620","320.5338","0.0004"
"38.4820","320.7002","0.0004"
"38.5020","320.8665","0.0004"
"38.5220","321.0339","0.0004"
"38.5420","321.2002","0.0004"
"38.5620","321.3666","0.0004"
"38.5820","321.5334","0.0004"
"38.6020","321.6998","0.0004"
"38.6220","321.8664","0.0004"
"38.6420","322.0332","0.0004"
"38.6620","322.1998","0.0004"
"38.6820","322.3665","0.0004"
"38.7020","322.5331","0.0004"
"38.7220","322.6996","0.0004"
"38.7420","322.8665","0.0004"
"38.7620","323.0330","0.0004"
"38.7820","323.1995","0.0004"
"38.8020","323.3665","0.0004"
"38.8220","323.5331","0.0004"
"38.8420","323.7000","0.0004"
"38.8620","323.8669","0.0004"
"38.8820","324.0331","0.0004"
"38.9020","324.1994","0.0004"
"38.9220","324.3667","0.0004"
"38.9420","324.5334","0.0004"
"38.9620","324.7003","0.0004"
"38.9820","324.8674","0.0004"
"39.0020","325.0337","0.0004"
"39.0220","325.2001","0.0004"
"39.0420","325.3671","0.0004"
"39.0620","325.5333","0.0004"
"39.0820","325.7002","0.0004"
"39.1020","325.8674","0.0004"
"39.1220","326.0337","0.0004"
"39.1420","326.2003","0.0004"
"39.1620","326.3668","0.0004"
"39.1820","326.5326","0.0004"
"39.2020","326.7000","0.0004"
"39.2220","326.8668","0.0004"
"39.2420","327.0331","0.0004"
"39.2620","327.2001","0.0004"
"39.2820","327.3666","0.0004"
"39.3020","327.5329","0.0004"
"39.3220","327.6997","0.0004"
"39.3420","327.8662","0.0004"
"39.3620","328.0327","0.0004"
"39.3820","328.1998","0.0004"
"39.4020","328.3665","0.0004"
"39.4220","328.5333","0.0004"
"39.4420","328.6999","0.0004"
"39.4620","328.8659","0.0004"
"39.4820","329.0329","0.0004"
"39.5020","329.2002","0.0004"
"39.5220","329.3666","0.0004"
"39.5420","329.5333","0.0004"
"39.5620","329.7001","0.0004"
"39.5820","329.8669","0.0004"
"39.6020","330.0339","0.0004"
"39.6220","330.2004","0.0004"
"39.6420","330.3662","0.0004"
"39.6620","330.5331","0.0005"
"39.6820","330.7001","0.0005"
"39.7020","330.8673","0.0005"
"39.7220","331.0342","0.0005"
"39.7420","331.2003","0.0005"
"39.7620","331.3668","0.0005"
"39.7820","331.5337","0.0005"
"39.8020","331.6997","0.0005"
"39.8220","331.8664","0.0005"
"39.8420","332.0332","0.0005"
"39.8620","332.1999","0.0005"
"39.8820","332.3669","0.0005"
"39.9020","332.5331","0.0005"
"39.9220","332.6989","0.0005"
"39.9420","332.8663","0.0005"
"39.9620","333.0331","0.0005"
"39.9820","333.2001","0.0005"
"40.0020","333.3672","0.0005"
"40.0220","333.5332","0.0005"
"40.0420","333.6996","0.0005"
"40.0620","333.8666","0.0005"
"40.0820","334.0328","0.0005"
"40.1020","334.1997","0.0005"
"40.1220","334.3668","0.0005"
"40.1420","334.5331","0.0005"
"40.1620","334.6999","0.0005"
"40.1820","334.8664","0.0005"
"40.2020","335.0325","0.0005"
"40.2220","335.2003","0.0005"
"40.2420","335.3671","0.0005"
"40.2620","335.5336","0.0005"
"40.2820","335.7003","0.0005"
"40.3020","335.8667","0.0005"
"40.3220","336.0331","0.0005"
"40.3420","336.2002","0.0005"
"40.3620","336.3668","0.0005"
"40.3820","336.5332","0.0005"
"40.4020","336.7003","0.0005"
"40.4220","336.8665","0.0005"
"40.4420","337.0332","0.0005"
"40.4620","337.2001","0.0005"
"40.4820","337.3658","0.0005"
"40.5020","337.5329","0.0005"
"40.5220","337.7002","0.0005"
"40.5420","337.8667","0.0005"
"40.5620","338.0334","0.0005"
"40.5820","338.1998","0.0005"
"40.6020","338.3662","0.0005"
"40.6220","338.5335","0.0005"
"40.6420","338.7000","0.0005"
"40.6620","338.8665","0.0005"
"40.6820","339.0334","0.0005"
"40.7020","339.1996","0.0005"
"40.7220","339.3667","0.0005"
"40.7420","339.5336","0.0005"
"40.7620","339.6997","0.0005"
"40.7820","339.8668","0.0005"
"40.8020","340.0337","0.0005"
"40.8220","340.2003","0.0005"
"40.8420","340.3671","0.0005"
"40.8620","340.5336","0.0005"
"40.8820","340.7001","0.0005"
"40.9020","340.8673","0.0005"
"40.9220","341.0334","0.0005"
"40.9420","341.1999","0.0005"
"40.9620","341.3667","0.0005"
"40.9820","341.5332","0.0005"
"41.0020","341.6998","0.0005"
"41.0220","341.8668","0.0005"
"41.0420","342.0327","0.0005"
"41.0620","342.1994","0.0006"
"41.0820","342.3666","0.0006"
"41.1020","342.5330","0.0006"
"41.1220","342.6998","0.0006"
"41.1420","342.8667","0.0006"
"41.1620","343.0329","0.0006"
"41.1820","343.1997","0.0006"
"41.2020","343.3665","0.0006"
"41.2220","343.5327","0.0006"
"41.2420","343.7000","0.0006"
"41.2620","343.8668","0.0006"
"41.2820","344.0332","0.0006"
"41.3020","344.2003","0.0006"
"41.3220","344.3662","0.0006"
"41.3420","344.5325","0.0006"
"41.3620","344.7003","0.0006"
"41.3820","344.8671","0.0006"
"41.4020","345.0339","0.0006"
"41.4220","345.2006","0.0006"
"41.4420","345.3668","0.0006"
"41.4620","345.5335","0.0006"
"41.4820","345.7004","0.0006"
"41.5020","345.8668","0.0006"
"41.5220","346.0339","0.0006"
"41.5420","346.2006","0.0006"
"41.5620","346.3669","0.0006"
"41.5820","346.5334","0.0006"
"41.6020","346.6997","0.0006"
"41.6220","346.8658","0.0006"
"41.6420","347.0332","0.0007"
"41.6620","347.2004","0.0007"
"41.6820","347.3670","0.0007"
"41.7020","347.5331","0.0007"
"41.7220","347.6995","0.0007"
"41.7420","347.8661","0.0007"
"41.7620","348.0331","0.0007"
"41.7820","348.1997","0.0007"
"41.8020","348.3664","0.0007"
"41.8220","348.5334","0.0007"
"41.8420","348.6998","0.0007"
"41.8620","348.8666","0.0007"
"41.8820","349.0331","0.0007"
"41.9020","349.1993","0.0007"
"41.9220","349.3667","0.0007"
"41.9420","349.5336","0.0007"
"41.9620","349.7002","0.0007"
"41.9820","349.8671","0.0007"
"42.0020","350.0334","0.0007"
"42.0220","350.2000","0.0007"
"42.0420","350.3672","0.0007"
"42.0620","350.5331","0.0008"
"42.0820","350.6999","0.0008"
"42.1020","350.8672","0.0008"
"42.1220","351.0338","0.0007"
"42.1420","351.2009","0.0007"
"42.1620","351.3673","0.0007"
"42.1820","351.5329","0.0007"
"42.2020","351.6997","0.0006"
"42.2220","351.8665","0.0007"
"42.2420","352.0331","0.0007"
"42.2620","352.2002","0.0007"
"42.2820","352.3669","0.0007"
"42.3020","352.5332","0.0007"
"42.3220","352.6999","0.0007"
"42.3420","352.8660","0.0007"
"42.3620","353.0324","0.0007"
"42.3820","353.1999","0.0007"
"42.4020","353.3667","0.0007"
"42.4220","353.5335","0.0007"
"42.4420","353.7001","0.0007"
"42.4620","353.8659","0.0007"
"42.4820","354.0327","0.0007"
"42.5020","354.1998","0.0008"
"42.5220","354.3667","0.0008"
"42.5420","354.5338","0.0007"
"42.5620","354.7004","0.0008"
"42.5820","354.8664","0.0008"
"42.6020","355.0332","0.0008"
"42.6220","355.1997","0.0008"
"42.6420","355.3659","0.0008"
"42.6620","355.5337","0.0008"
"42.6820","355.7006","0.0008"
"42.7020","355.8673","0.0008"
"42.7220","356.0341","0.0008"
"42.7420","356.2001","0.0008"
"42.7620","356.3666","0.0007"
"42.7820","356.5336","0.0007"
"42.8020","356.7000","0.0007"
"42.8220","356.8669","0.0007"
"42.8420","357.0334","0.0007"
"42.8620","357.1997","0.0007"
"42.8820","357.3666","0.0008"
"42.9020","357.5331","0.0008"
"42.9220","357.6993","0.0008"
"42.9420","357.8667","0.0008"
"42.9620","358.0334","0.0008"
"42.9820","358.1998","0.0008"
"43.0020","358.3667","0.0009"
"43.0220","358.5330","0.0008"
"43.0420","358.6997","0.0008"
"43.0620","358.8670","0.0008"
"43.0820","359.0332","0.0009"
"43.1020","359.2000","0.0008"
"43.1220","359.3669","0.0008"
"43.1420","359.5331","0.0009"
"43.1620","359.6999","0.0009"
"43.1820","359.8666","0.0009"
"43.2020","360.0327","0.0009"
"43.2220","360.1997","0.0009"
"43.2420","360.3669","0.0009"
"43.2620","360.5332","0.0010"
"43.2820","360.7003","0.0010"
"43.3020","360.8671","0.0010"
"43.3220","361.0334","0.0010"
"43.3420","361.2004","0.0010"
"43.3620","361.3669","0.0010"
"43.3820","361.5333","0.0009"
"43.4020","361.7003","0.0009"
"43.4220","361.8668","0.0009"
"43.4420","362.0335","0.0009"
"43.4620","362.2004","0.0010"
"43.4820","362.3660","0.0010"
"43.5020","362.5326","0.0010"
"43.5220","362.6999","0.0010"
"43.5420","362.8666","0.0010"
"43.5620","363.0337","0.0010"
"43.5820","363.2001","0.0010"
"43.6020","363.3662","0.0010"
"43.6220","363.5332","0.0010"
"43.6420","363.7001","0.0010"
"43.6620","363.8667","0.0009"
"43.6820","364.0334","0.0008"
"43.7020","364.2003","0.0008"
"43.7220","364.3668","0.0008"
"43.7420","364.5334","0.0008"
"43.7620","364.6998","0.0007"
"43.7820","364.8664","0.0007"
"43.8020","365.0335","0.0006"
"43.8220","365.2003","0.0006"
"43.8420","365.3668","0.0006"
"43.8620","365.5330","0.0006"
"43.8820","365.6995","0.0006"
"43.9020","365.8670","0.0006"
"43.9220","366.0339","0.0005"
"43.9420","366.2003","0.0005"
"43.9620","366.3672","0.0005"
"43.9820","366.5334","0.0005"
"44.0020","366.6996","0.0005"
"44.0220","366.8665","0.0005"
"44.0420","367.0330","0.0005"
"44.0620","367.1996","0.0005"
"44.0820","367.3669","0.0005"
"44.1020","367.5333","0.0006"
"44.1220","367.6997","0.0006"
"44.1420","367.8663","0.0006"
"44.1620","368.0325","0.0006"
"44.1820","368.1995","0.0006"
"44.2020","368.3670","0.0007"
"44.2220","368.5336","0.0007"
"44.2420","368.7004","0.0007"
"44.2620","368.8669","0.0007"
"44.2820","369.0329","0.0007"
"44.3020","369.2000","0.0008"
"44.3220","369.3667","0.0008"
"44.3420","369.5327","0.0008"
"44.3620","369.7000","0.0008"
"44.3820","369.8668","0.0008"
"44.4020","370.0334","0.0008"
"44.4220","370.2002","0.0009"
"44.4420","370.3664","0.0009"
"44.4620","370.5331","0.0009"
"44.4820","370.7004","0.0009"
"44.5020","370.8672","0.0009"
"44.5220","371.0340","0.0009"
"44.5420","371.2006","0.0008"
"44.5620","371.3668","0.0009"
"44.5820","371.5335","0.0009"
"44.6020","371.7002","0.0009"
"44.6220","371.8662","0.0008"
"44.6420","372.0333","0.0007"
"44.6620","372.2002","0.0007"
"44.6820","372.3665","0.0007"
"44.7020","372.5335","0.0007"
"44.7220","372.6998","0.0007"
"44.7420","372.8659","0.0007"
"44.7620","373.0330","0.0007"
"44.7820","373.1996","0.0007"
"44.8020","373.3668","0.0007"
"44.8220","373.5338","0.0007"
"44.8420","373.7003","0.0007"
"44.8620","373.8669","0.0007"
"44.8820","374.0333","0.0007"
"44.9020","374.1987","0.0008"
"44.9220","374.3663","0.0007"
"44.9420","374.5334","0.0006"
"44.9620","374.7001","0.0005"
"44.9820","374.8671","0.0004"
"45.0020","375.0334","0.0004"
"45.0220","375.1996","0.0004"
"45.0420","375.3668","0.0004"
"45.0620","375.5334","0.0004"
"45.0820","375.7003","0.0003"
"45.1020","375.8676","0.0002"
"45.1220","376.0338","0.0002"
"45.1420","376.2002","0.0002"
"45.1620","376.3670","0.0002"
"45.1820","376.5323","0.0002"
"45.2020","376.6996","0.0002"
"45.2220","376.8669","0.0002"
"45.2420","377.0335","0.0002"
"45.2620","377.2002","0.0002"
"45.2820","377.3665","0.0002"
"45.3020","377.5327","0.0002"
"45.3220","377.6997","0.0002"
"45.3420","377.8666","0.0002"
"45.3620","378.0331","0.0002"
"45.3820","378.2000","0.0002"
"45.4020","378.3665","0.0002"
"45.4220","378.5329","0.0002"
"45.4420","378.7000","0.0002"
"45.4620","378.8662","0.0002"
"45.4820","379.0328","0.0002"
"45.5020","379.2002","0.0002"
"45.5220","379.3664","0.0002"
"45.5420","379.5329","0.0002"
"45.5620","379.7001","0.0002"
"45.5820","379.8666","0.0002"
"45.6020","380.0335","0.0002"
"45.6220","380.2003","0.0002"
"45.6420","380.3665","0.0002"
"45.6620","380.5333","0.0002"
"45.6820","380.7003","0.0002"
"45.7020","380.8670","0.0002"
"45.7220","381.0340","0.0002"
"45.7420","381.2003","0.0002"
"45.7620","381.3663","0.0002"
"45.7820","381.5335","0.0002"
"45.8020","381.7000","0.0002"
"45.8220","381.8665","0.0002"
"45.8420","382.0333","0.0002"
"45.8620","382.2000","0.0002"
"45.8820","382.3666","0.0002"
"45.9020","382.5332","0.0002"
"45.9220","382.6994","0.0002"
"45.9420","382.8663","0.0002"
"45.9620","383.0333","0.0002"
"45.9820","383.2003","0.0002"
"46.0020","383.3673","0.0002"
"46.0220","383.5332","0.0002"
"46.0420","383.6990","0.0002"
"46.0620","383.8664","0.0002"
"46.0820","384.0334","0.0002"
"46.1020","384.1999","0.0002"
"46.1220","384.3669","0.0002"
"46.1420","384.5334","0.0002"
"46.1620","384.6997","0.0002"
"46.1820","384.8668","0.0002"
"46.2020","385.0331","0.0002"
"46.2220","385.1999","0.0002"
"46.2420","385.3670","0.0002"
"46.2620","385.5334","0.0002"
"46.2820","385.7003","0.0002"
"46.3020","385.8671","0.0002"
"46.3220","386.0329","0.0002"
"46.3420","386.2003","0.0002"
"46.3620","386.3671","0.0002"
"46.3820","386.5333","0.0002"
"46.4020","386.7002","0.0002"
"46.4220","386.8665","0.0002"
"46.4420","387.0329","0.0002"
"46.4620","387.2000","0.0002"
"46.4820","387.3662","0.0002"
"46.5020","387.5330","0.0002"
"46.5220","387.6999","0.0002"
"46.5420","387.8664","0.0002"
"46.5620","388.0333","0.0002"
"46.5820","388.2000","0.0002"
"46.6020","388.3661","0.0002"
"46.6220","388.5334","0.0002"
"46.6420","388.7004","0.0002"
"46.6620","388.8668","0.0002"
"46.6820","389.0333","0.0002"
"46.7020","389.1997","0.0002"
"46.7220","389.3661","0.0002"
"46.7420","389.5336","0.0002"
"46.7620","389.7000","0.0002"
"46.7820","389.8662","0.0002"
"46.8020","390.0334","0.0002"
"46.8220","390.2002","0.0002"
"46.8420","390.3669","0.0002"
"46.8620","390.5338","0.0002"
"46.8820","390.7001","0.0002"
"46.9020","390.8672","0.0002"
"46.9220","391.0342","0.0002"
"46.9420","391.2002","0.0002"
"46.9620","391.3669","0.0002"
"46.9820","391.5333","0.0002"
"47.0020","391.6997","0.0002"
"47.0220","391.8666","0.0002"
"47.0420","392.0330","0.0002"
"47.0620","392.1994","0.0002"
"47.0820","392.3665","0.0002"
"47.1020","392.5330","0.0002"
"47.1220","392.6996","0.0002"
"47.1420","392.8666","0.0002"
"47.1620","393.0326","0.0002"
"47.1820","393.1996","0.0002"
"47.2020","393.3664","0.0002"
"47.2220","393.5329","0.0002"
"47.2420","393.7003","0.0002"
"47.2620","393.8670","0.0002"
"47.2820","394.0331","0.0002"
"47.3020","394.1997","0.0002"
"47.3220","394.3663","0.0002"
"47.3420","394.5327","0.0002"
"47.3620","394.7002","0.0002"
"47.3820","394.8672","0.0002"
"47.4020","395.0339","0.0002"
"47.4220","395.2005","0.0002"
"47.4420","395.3668","0.0002"
"47.4620","395.5333","0.0002"
"47.4820","395.7004","0.0002"
"47.5020","395.8672","0.0002"
"47.5220","396.0339","0.0002"
"47.5420","396.2007","0.0002"
"47.5620","396.3669","0.0002"
"47.5820","396.5332","0.0002"
"47.6020","396.6999","0.0002"
"47.6220","396.8659","0.0002"
"47.6420","397.0331","0.0002"
"47.6620","397.2003","0.0002"
"47.6820","397.3665","0.0002"
"47.7020","397.5334","0.0002"
"47.7220","397.6997","0.0002"
"47.7420","397.8661","0.0002"
"47.7620","398.0333","0.0002"
"47.7820","398.1999","0.0002"
"47.8020","398.3665","0.0002"
"47.8220","398.5332","0.0002"
"47.8420","398.6995","0.0002"
"47.8620","398.8664","0.0002"
"47.8820","399.0330","0.0002"
"47.9020","399.1995","0.0002"
"47.9220","399.3663","0.0002"
"47.9420","399.5332","0.0002"
"47.9620","399.7000","0.0002"
"47.9820","399.8669","0.0002"
"48.0020","400.0333","0.0002"
"48.0220","400.1999","0.0002"
"48.0420","400.3668","0.0002"
"48.0620","400.5334","0.0002"
"48.0820","400.7000","0.0002"
"48.1020","400.8671","0.0002"
"48.1220","401.0338","0.0002"
"48.1420","401.2003","0.0002"
"48.1620","401.3673","0.0002"
"48.1820","401.5333","0.0002"
"48.2020","401.6996","0.0002"
"48.2220","401.8669","0.0002"
"48.2420","402.0333","0.0002"
"48.2620","402.2000","0.0002"
"48.2820","402.3669","0.0002"
"48.3020","402.5327","0.0002"
"48.3220","402.6996","0.0002"
"48.3420","402.8665","0.0002"
"48.3620","403.0329","0.0002"
"48.3820","403.2000","0.0002"
"48.4020","403.3668","0.0002"
"48.4220","403.5333","0.0002"
"48.4420","403.7000","0.0002"
"48.4620","403.8661","0.0002"
"48.4820","404.0324","0.0002"
"48.5020","404.2000","0.0002"
"48.5220","404.3668","0.0002"
"48.5420","404.5336","0.0002"
"48.5620","404.7004","0.0002"
"48.5820","404.8661","0.0002"
"48.6020","405.0331","0.0002"
"48.6220","405.2003","0.0002"
"48.6420","405.3669","0.0002"
"48.6620","405.5338","0.0002"
"48.6820","405.7004","0.0002"
"48.7020","405.8669","0.0002"
"48.7220","406.0336","0.0002"
"48.7420","406.2000","0.0002"
"48.7620","406.3661","0.0002"
"48.7820","406.5333","0.0002"
"48.8020","406.7003","0.0002"
"48.8220","406.8668","0.0002"
"48.8420","407.0336","0.0002"
"48.8620","407.1997","0.0002"
"48.8680","407.2496","0.0002"

