Time,Displacement,Force
(s),(mm),(kN)
0.0000,0.0000,0.0000
0.0200,0.0388,0.0001
0.0340,0.1355,0.0002
0.0540,0.3363,0.0003
0.0740,0.5466,0.0002
0.0940,0.7453,0.0002
0.1140,0.9332,0.0001
0.1340,1.1137,0.0002
0.1540,1.2882,0.0002
0.1740,1.4601,0.0002
0.1940,1.6296,0.0002
0.2140,1.7973,0.0002
0.2340,1.9653,0.0002
0.2540,2.1326,0.0002
0.2740,2.2995,0.0002
0.2940,2.4669,0.0002
0.3140,2.6336,0.0002
0.3340,2.8000,0.0002
0.3540,2.9669,0.0002
0.3740,3.1337,0.0002
0.3940,3.3002,0.0002
0.4140,3.4668,0.0002
0.4340,3.6330,0.0002
0.4540,3.7997,0.0002
0.4740,3.9664,0.0002
0.4940,4.1331,0.0002
0.5140,4.2999,0.0003
0.5340,4.4666,0.0002
0.5540,4.6331,0.0002
0.5740,4.8001,0.0002
0.5940,4.9668,0.0002
0.6140,5.1333,0.0002
0.6340,5.3003,0.0002
0.6540,5.4668,0.0002
0.6740,5.6329,0.0002
0.6940,5.7997,0.0002
0.7140,5.9664,0.0002
0.7340,6.1332,0.0002
0.7540,6.3004,0.0002
0.7740,6.4667,0.0002
0.7940,6.6333,0.0002
0.8140,6.8002,0.0002
0.8340,6.9667,0.0002
0.8540,7.1336,0.0002
0.8740,7.3007,0.0002
0.8940,7.4670,0.0002
0.9140,7.6341,0.0002
0.9340,7.8005,0.0002
0.9540,7.9667,0.0003
0.9740,8.1336,0.0003
0.9940,8.3000,0.0002
1.0140,8.4669,0.0002
1.0340,8.6340,0.0003
1.0540,8.7999,0.0003
1.0740,8.9661,0.0003
1.0940,9.1329,0.0003
1.1140,9.2996,0.0003
1.1340,9.4666,0.0003
1.1540,9.6334,0.0003
1.1740,9.7998,0.0003
1.1940,9.9662,0.0003
1.2140,10.1332,0.0003
1.2340,10.2998,0.0003
1.2540,10.4666,0.0003
1.2740,10.6334,0.0003
1.2940,10.7996,0.0003
1.3140,10.9663,0.0003
1.3340,11.1329,0.0003
1.3540,11.2992,0.0003
1.3740,11.4669,0.0003
1.3940,11.6338,0.0003
1.4140,11.8001,0.0003
1.4340,11.9671,0.0003
1.4540,12.1335,0.0003
1.4740,12.3001,0.0004
1.4940,12.4673,0.0004
1.5140,12.6335,0.0004
1.5340,12.8003,0.0004
1.5540,12.9671,0.0004
1.5740,13.1333,0.0004
1.5940,13.3000,0.0004
1.6140,13.4666,0.0004
1.6340,13.6329,0.0004
1.6540,13.8005,0.0004
1.6740,13.9670,0.0004
1.6940,14.1331,0.0004
1.7140,14.2998,0.0004
1.7340,14.4663,0.0004
1.7540,14.6331,0.0004
1.7740,14.8003,0.0004
1.7940,14.9665,0.0004
1.8140,15.1329,0.0004
1.8340,15.2998,0.0004
1.8540,15.4662,0.0004
1.8740,15.6331,0.0004
1.8940,15.7998,0.0004
1.9140,15.9659,0.0004
1.9340,16.1328,0.0004
1.9540,16.2998,0.0004
1.9740,16.4665,0.0005
1.9940,16.6334,0.0004
2.0140,16.8001,0.0004
2.0340,16.9666,0.0004
2.0540,17.1336,0.0004
2.0740,17.3001,0.0004
2.0940,17.4666,0.0004
2.1140,17.6340,0.0005
2.1340,17.8006,0.0005
2.1540,17.9671,0.0005
2.1740,18.1339,0.0005
2.1940,18.2998,0.0004
2.2140,18.4665,0.0004
2.2340,18.6335,0.0004
2.2540,18.7999,0.0004
2.2740,18.9670,0.0004
2.2940,19.1339,0.0004
2.3140,19.3001,0.0004
2.3340,19.4665,0.0004
2.3540,19.6325,0.0004
2.3740,19.7990,0.0004
2.3940,19.9667,0.0004
2.4140,20.1335,0.0005
2.4340,20.3001,0.0005
2.4540,20.4666,0.0005
2.4740,20.6329,0.0005
2.4940,20.7996,0.0005
2.5140,20.9665,0.0005
2.5340,21.1330,0.0004
2.5540,21.2999,0.0004
2.5740,21.4664,0.0003
2.5940,21.6326,0.0003
2.6140,21.7997,0.0003
2.6340,21.9664,0.0003
2.6540,22.1323,0.0003
2.6740,22.3003,0.0003
2.6940,22.4676,0.0003
2.7140,22.6340,0.0003
2.7340,22.8007,0.0003
2.7540,22.9670,0.0003
2.7740,23.1330,0.0004
2.7940,23.3000,0.0004
2.8140,23.4665,0.0004
2.8340,23.6331,0.0004
2.8540,23.8001,0.0004
2.8740,23.9666,0.0004
2.8940,24.1334,0.0004
2.9140,24.3002,0.0004
2.9340,24.4661,0.0004
2.9540,24.6331,0.0004
2.9740,24.8004,0.0004
2.9940,24.9667,0.0004
3.0140,25.1337,0.0004
3.0340,25.3002,0.0004
3.0540,25.4663,0.0004
3.0740,25.6334,0.0004
3.0940,25.7997,0.0004
3.1140,25.9660,0.0004
3.1340,26.1335,0.0004
3.1540,26.3001,0.0004
3.1740,26.4668,0.0004
3.1940,26.6334,0.0004
3.2140,26.7992,0.0004
3.2340,26.9664,0.0004
3.2540,27.1336,0.0004
3.2740,27.3002,0.0004
3.2940,27.4672,0.0004
3.3140,27.6340,0.0004
3.3340,27.8002,0.0004
3.3540,27.9668,0.0004
3.3740,28.1332,0.0005
3.3940,28.2996,0.0005
3.4140,28.4665,0.0005
3.4340,28.6332,0.0004
3.4540,28.7999,0.0004
3.4740,28.9667,0.0004
3.4940,29.1324,0.0004
3.5140,29.2991,0.0004
3.5340,29.4668,0.0004
3.5540,29.6336,0.0004
3.5740,29.8004,0.0004
3.5940,29.9671,0.0004
3.6140,30.1327,0.0005
3.6340,30.2999,0.0005
3.6540,30.4668,0.0005
3.6740,30.6329,0.0005
3.6940,30.8001,0.0005
3.7140,30.9668,0.0004
3.7340,31.1335,0.0004
3.7540,31.3004,0.0004
3.7740,31.4665,0.0005
3.7940,31.6329,0.0005
3.8140,31.8004,0.0005
3.8340,31.9670,0.0005
3.8540,32.1335,0.0005
3.8740,32.3005,0.0005
3.8940,32.4669,0.0005
3.9140,32.6337,0.0005
3.9340,32.8007,0.0005
3.9540,32.9668,0.0005
3.9740,33.1336,0.0005
3.9940,33.3002,0.0005
4.0140,33.4665,0.0005
4.0340,33.6331,0.0005
4.0540,33.7997,0.0005
4.0740,33.9662,0.0005
4.0940,34.1334,0.0005
4.1140,34.2999,0.0005
4.1340,34.4661,0.0005
4.1540,34.6331,0.0005
4.1740,34.7997,0.0006
4.1940,34.9665,0.0005
4.2140,35.1333,0.0005
4.2340,35.2995,0.0005
4.2540,35.4660,0.0005
4.2740,35.6331,0.0005
4.2940,35.7996,0.0005
4.3140,35.9666,0.0005
4.3340,36.1333,0.0005
4.3540,36.2995,0.0005
4.3740,36.4665,0.0005
4.3940,36.6333,0.0005
4.4140,36.8000,0.0006
4.4340,36.9671,0.0006
4.4540,37.1334,0.0006
4.4740,37.3001,0.0005
4.4940,37.4675,0.0005
4.5140,37.6339,0.0005
4.5340,37.8003,0.0005
4.5540,37.9671,0.0005
4.5740,38.1336,0.0005
4.5940,38.3003,0.0005
4.6140,38.4665,0.0006
4.6340,38.6327,0.0006
4.6540,38.7998,0.0006
4.6740,38.9667,0.0006
4.6940,39.1333,0.0006
4.7140,39.3002,0.0006
4.7340,39.4668,0.0006
4.7540,39.6331,0.0006
4.7740,39.7999,0.0006
4.7940,39.9665,0.0006
4.8140,40.1331,0.0006
4.8340,40.3005,0.0006
4.8540,40.4668,0.0006
4.8740,40.6331,0.0006
4.8940,40.7995,0.0006
4.9140,40.9661,0.0006
4.9340,41.1330,0.0006
4.9540,41.3000,0.0006
4.9740,41.4665,0.0006
4.9940,41.6332,0.0006
5.0140,41.7999,0.0006
5.0340,41.9663,0.0006
5.0540,42.1333,0.0006
5.0740,42.3002,0.0006
5.0940,42.4667,0.0007
5.1140,42.6340,0.0007
5.1340,42.8004,0.0007
5.1540,42.9665,0.0007
5.1740,43.1332,0.0006
5.1940,43.2996,0.0006
5.2140,43.4664,0.0006
5.2340,43.6339,0.0005
5.2540,43.8003,0.0005
5.2740,43.9667,0.0005
5.2940,44.1332,0.0006
5.3140,44.2994,0.0006
5.3340,44.4667,0.0006
5.3540,44.6335,0.0006
5.3740,44.7995,0.0006
5.3940,44.9666,0.0006
5.4140,45.1336,0.0006
5.4340,45.3001,0.0006
5.4540,45.4668,0.0006
5.4740,45.6331,0.0006
5.4940,45.7995,0.0007
5.5140,45.9665,0.0007
5.5340,46.1332,0.0006
5.5540,46.2999,0.0006
5.5740,46.4667,0.0007
5.5940,46.6330,0.0007
5.6140,46.8000,0.0007
5.6340,46.9669,0.0007
5.6540,47.1327,0.0007
5.6740,47.3000,0.0007
5.6940,47.4671,0.0007
5.7140,47.6334,0.0007
5.7340,47.8004,0.0008
5.7540,47.9668,0.0007
5.7740,48.1328,0.0006
5.7940,48.3001,0.0006
5.8140,48.4666,0.0006
5.8340,48.6332,0.0006
5.8540,48.8001,0.0007
5.8740,48.9665,0.0007
5.8940,49.1329,0.0007
5.9140,49.3000,0.0006
5.9340,49.4660,0.0006
5.9540,49.6329,0.0007
5.9740,49.8002,0.0007
5.9940,49.9669,0.0007
6.0140,50.1338,0.0007
6.0340,50.3003,0.0007
6.0540,50.4661,0.0007
6.0740,50.6334,0.0007
6.0940,50.8002,0.0007
6.1140,50.9668,0.0007
6.1340,51.1336,0.0007
6.1540,51.2999,0.0007
6.1740,51.4662,0.0007
6.1940,51.6331,0.0007
6.2140,51.7995,0.0007
6.2340,51.9663,0.0007
6.2540,52.1338,0.0007
6.2740,52.3004,0.0006
6.2940,52.4671,0.0006
6.3140,52.6338,0.0006
6.3340,52.8000,0.0006
6.3540,52.9669,0.0006
6.3740,53.1339,0.0007
6.3940,53.3001,0.0007
6.4140,53.4665,0.0007
6.4340,53.6331,0.0007
6.4540,53.7997,0.0008
6.4740,53.9668,0.0008
6.4940,54.1333,0.0007
6.5140,54.2995,0.0007
6.5340,54.4667,0.0007
6.5540,54.6329,0.0007
6.5740,54.7997,0.0007
6.5940,54.9669,0.0007
6.6140,55.1331,0.0007
6.6340,55.2999,0.0007
6.6540,55.4666,0.0006
6.6740,55.6330,0.0006
6.6940,55.7999,0.0006
6.7140,55.9666,0.0006
6.7340,56.1330,0.0006
6.7540,56.3003,0.0006
6.7740,56.4667,0.0006
6.7940,56.6324,0.0007
6.8140,56.7999,0.0007
6.8340,56.9668,0.0007
6.8540,57.1334,0.0007
6.8740,57.3006,0.0007
6.8940,57.4671,0.0007
6.9140,57.6335,0.0008
6.9340,57.8003,0.0008
6.9540,57.9666,0.0007
6.9740,58.1330,0.0007
6.9940,58.2998,0.0007
7.0140,58.4664,0.0007
7.0340,58.6336,0.0007
7.0540,58.8000,0.0007
7.0740,58.9658,0.0007
7.0940,59.1334,0.0007
7.1140,59.3004,0.0007
7.1340,59.4667,0.0007
7.1540,59.6335,0.0007
7.1740,59.8000,0.0008
7.1940,59.9664,0.0008
7.2140,60.1335,0.0008
7.2340,60.2998,0.0007
7.2540,60.4664,0.0007
7.2740,60.6334,0.0007
7.2940,60.7997,0.0007
7.3140,60.9665,0.0007
7.3340,61.1331,0.0007
7.3540,61.2992,0.0008
7.3740,61.4666,0.0008
7.3940,61.6335,0.0007
7.4140,61.8001,0.0007
7.4340,61.9666,0.0007
7.4540,62.1333,0.0007
7.4740,62.2998,0.0007
7.4940,62.4672,0.0008
7.5140,62.6340,0.0008
7.5340,62.8003,0.0008
7.5540,62.9669,0.0008
7.5740,63.1330,0.0007
7.5940,63.2996,0.0007
7.6140,63.4665,0.0007
7.6340,63.6330,0.0007
7.6540,63.8002,0.0007
7.6740,63.9671,0.0008
7.6940,64.1331,0.0008
7.7140,64.3000,0.0008
7.7340,64.4667,0.0008
7.7540,64.6332,0.0008
7.7740,64.8004,0.0008
7.7940,64.9670,0.0008
7.8140,65.1329,0.0008
7.8340,65.2997,0.0008
7.8540,65.4665,0.0008
7.8740,65.6331,0.0008
7.8940,65.7998,0.0008
7.9140,65.9660,0.0007
7.9340,66.1326,0.0007
7.9540,66.2999,0.0007
7.9740,66.4664,0.0007
7.9940,66.6330,0.0007
8.0140,66.8001,0.0007
8.0340,66.9665,0.0008
8.0540,67.1332,0.0008
8.0740,67.2999,0.0008
8.0940,67.4663,0.0008
8.1140,67.6333,0.0008
8.1340,67.8002,0.0007
8.1540,67.9668,0.0007
8.1740,68.1336,0.0008
8.1940,68.2997,0.0008
8.2140,68.4658,0.0008
8.2340,68.6332,0.0008
8.2540,68.8002,0.0007
8.2740,68.9671,0.0007
8.2940,69.1339,0.0007
8.3140,69.3000,0.0008
8.3340,69.4666,0.0008
8.3540,69.6335,0.0008
8.3740,69.7994,0.0008
8.3940,69.9666,0.0008
8.4140,70.1336,0.0007
8.4340,70.3001,0.0008
8.4540,70.4669,0.0008
8.4740,70.6333,0.0008
8.4940,70.7994,0.0008
8.5140,70.9667,0.0008
8.5340,71.1333,0.0008
8.5540,71.3001,0.0008
8.5740,71.4669,0.0008
8.5940,71.6330,0.0008
8.6140,71.7998,0.0008
8.6340,71.9665,0.0008
8.6540,72.1329,0.0008
8.6740,72.2999,0.0008
8.6940,72.4672,0.0007
8.7140,72.6337,0.0008
8.7340,72.8002,0.0008
8.7540,72.9667,0.0008
8.7740,73.1330,0.0009
8.7940,73.3001,0.0009
8.8140,73.4667,0.0009
8.8340,73.6332,0.0008
8.8540,73.8002,0.0008
8.8740,73.9665,0.0008
8.8940,74.1330,0.0008
8.9140,74.3001,0.0008
8.9340,74.4665,0.0009
8.9540,74.6331,0.0009
8.9740,74.8001,0.0009
8.9940,74.9666,0.0008
9.0140,75.1335,0.0009
9.0340,75.3003,0.0009
9.0540,75.4666,0.0008
9.0740,75.6333,0.0009
9.0940,75.7999,0.0009
9.1140,75.9663,0.0009
9.1340,76.1333,0.0009
9.1540,76.3000,0.0009
9.1740,76.4663,0.0008
9.1940,76.6334,0.0008
9.2140,76.7997,0.0008
9.2340,76.9662,0.0008
9.2540,77.1334,0.0009
9.2740,77.3002,0.0009
9.2940,77.4671,0.0009
9.3140,77.6340,0.0009
9.3340,77.8003,0.0009
9.3540,77.9667,0.0009
9.3740,78.1333,0.0008
9.3940,78.2996,0.0008
9.4140,78.4666,0.0009
9.4340,78.6335,0.0009
9.4540,78.8001,0.0009
9.4740,78.9665,0.0009
9.4940,79.1326,0.0009
9.5140,79.2990,0.0008
9.5340,79.4664,0.0009
9.5540,79.6334,0.0009
9.5740,79.8001,0.0009
9.5940,79.9668,0.0009
9.6140,80.1333,0.0009
9.6340,80.2998,0.0009
9.6540,80.4667,0.0009
9.6740,80.6332,0.0009
9.6940,80.8000,0.0009
9.7140,80.9666,0.0009
9.7340,81.1331,0.0009
9.7540,81.2998,0.0009
9.7740,81.4666,0.0009
9.7940,81.6326,0.0009
9.8140,81.8000,0.0009
9.8340,81.9673,0.0009
9.8540,82.1335,0.0009
9.8740,82.3004,0.0009
9.8940,82.4670,0.0009
9.9140,82.6331,0.0009
9.9340,82.8006,0.0009
9.9540,82.9671,0.0010
9.9740,83.1333,0.0010
9.9940,83.2997,0.0009
10.0140,83.4661,0.0009
10.0340,83.6333,0.0009
10.0540,83.8002,0.0010
10.0740,83.9664,0.0009
10.0940,84.1331,0.0010
10.1140,84.3000,0.0009
10.1340,84.4664,0.0009
10.1540,84.6333,0.0009
10.1740,84.8000,0.0009
10.1940,84.9665,0.0010
10.2140,85.1335,0.0010
10.2340,85.3000,0.0010
10.2540,85.4665,0.0009
10.2740,85.6332,0.0009
10.2940,85.7998,0.0010
10.3140,85.9665,0.0010
10.3340,86.1333,0.0010
10.3540,86.2993,0.0010
10.3740,86.4660,0.0010
10.3940,86.6333,0.0010
10.4140,86.7999,0.0010
10.4340,86.9669,0.0009
10.4540,87.1336,0.0010
10.4740,87.2998,0.0010
10.4940,87.4669,0.0010
10.5140,87.6336,0.0010
10.5340,87.8000,0.0010
10.5540,87.9668,0.0010
10.5740,88.1334,0.0010
10.5940,88.2998,0.0010
10.6140,88.4667,0.0011
10.6340,88.6327,0.0011
10.6540,88.7994,0.0011
10.6740,88.9669,0.0010
10.6940,89.1333,0.0010
10.7140,89.3003,0.0010
10.7340,89.4670,0.0010
10.7540,89.6327,0.0010
10.7740,89.8000,0.0010
10.7940,89.9669,0.0011
10.8140,90.1334,0.0011
10.8340,90.3003,0.0010
10.8540,90.4667,0.0010
10.8740,90.6331,0.0011
10.8940,90.7999,0.0011
10.9140,90.9660,0.0011
10.9340,91.1325,0.0011
10.9540,91.3001,0.0011
10.9740,91.4667,0.0011
10.9940,91.6334,0.0011
11.0140,91.8001,0.0011
11.0340,91.9663,0.0011
11.0540,92.1333,0.0010
11.0740,92.3005,0.0011
11.0940,92.4671,0.0011
11.1140,92.6340,0.0011
11.1340,92.8005,0.0011
11.1540,92.9665,0.0011
11.1740,93.1332,0.0011
11.1940,93.2996,0.0011
11.2140,93.4659,0.0011
11.2340,93.6335,0.0010
11.2540,93.8000,0.0011
11.2740,93.9663,0.0011
11.2940,94.1334,0.0011
11.3140,94.2998,0.0011
11.3340,94.4664,0.0011
11.3540,94.6337,0.0011
11.3740,94.8000,0.0011
11.3940,94.9666,0.0012
11.4140,95.1335,0.0011
11.4340,95.2999,0.0012
11.4540,95.4668,0.0012
11.4740,95.6335,0.0012
11.4940,95.7993,0.0011
11.5140,95.9665,0.0011
11.5340,96.1335,0.0011
11.5540,96.3001,0.0012
11.5740,96.4671,0.0012
11.5940,96.6333,0.0011
11.6140,96.8000,0.0011
11.6340,96.9668,0.0012
11.6540,97.1331,0.0012
11.6740,97.3000,0.0013
11.6940,97.4670,0.0013
11.7140,97.6337,0.0013
11.7340,97.8005,0.0012
11.7540,97.9667,0.0012
11.7740,98.1325,0.0011
11.7940,98.2995,0.0012
11.8140,98.4666,0.0012
11.8340,98.6333,0.0012
11.8540,98.8002,0.0012
11.8740,98.9665,0.0012
11.8940,99.1327,0.0012
11.9140,99.2996,0.0013
11.9340,99.4663,0.0013
11.9540,99.6331,0.0013
11.9740,99.8004,0.0013
11.9940,99.9668,0.0013
12.0140,100.1332,0.0012
12.0340,100.2999,0.0013
12.0540,100.4657,0.0012
12.0740,100.6328,0.0012
12.0940,100.8002,0.0013
12.1140,100.9668,0.0013
12.1340,101.1336,0.0013
12.1540,101.3003,0.0014
12.1740,101.4665,0.0014
12.1940,101.6333,0.0014
12.2140,101.8001,0.0013
12.2340,101.9664,0.0013
12.2540,102.1336,0.0013
12.2740,102.3006,0.0013
12.2940,102.4671,0.0013
12.3140,102.6338,0.0013
12.3340,102.7999,0.0013
12.3540,102.9666,0.0013
12.3740,103.1337,0.0013
12.3940,103.3000,0.0013
12.4140,103.4667,0.0014
12.4340,103.6330,0.0014
12.4540,103.7996,0.0015
12.4740,103.9666,0.0014
12.4940,104.1334,0.0014
12.5140,104.2995,0.0014
12.5340,104.4660,0.0014
12.5540,104.6331,0.0013
12.5740,104.7999,0.0013
12.5940,104.9668,0.0014
12.6140,105.1332,0.0014
12.6340,105.2994,0.0015
12.6540,105.4666,0.0015
12.6740,105.6330,0.0016
12.6940,105.7997,0.0015
12.7140,105.9666,0.0014
12.7340,106.1331,0.0014
12.7540,106.3003,0.0014
12.7740,106.4671,0.0014
12.7940,106.6328,0.0014
12.8140,106.7999,0.0014
12.8340,106.9668,0.0014
12.8540,107.1333,0.0015
12.8740,107.3007,0.0015
12.8940,107.4674,0.0016
12.9140,107.6332,0.0016
12.9340,107.8003,0.0016
12.9540,107.9669,0.0015
12.9740,108.1334,0.0015
12.9940,108.3003,0.0014
13.0140,108.4665,0.0014
13.0340,108.6332,0.0015
13.0540,108.8000,0.0015
13.0740,108.9660,0.0015
13.0940,109.1328,0.0015
13.1140,109.2998,0.0016
13.1340,109.4663,0.0016
13.1540,109.6333,0.0017
13.1740,109.8000,0.0016
13.1940,109.9664,0.0016
13.2140,110.1333,0.0015
13.2340,110.3001,0.0015
13.2540,110.4666,0.0015
13.2740,110.6331,0.0016
13.2940,110.7995,0.0016
13.3140,110.9661,0.0017
13.3340,111.1332,0.0018
13.3540,111.2997,0.0017
13.3740,111.4665,0.0017
13.3940,111.6335,0.0016
13.4140,111.8000,0.0016
13.4340,111.9667,0.0016
13.4540,112.1334,0.0016
13.4740,112.2999,0.0016
13.4940,112.4670,0.0016
13.5140,112.6340,0.0016
13.5340,112.8004,0.0018
13.5540,112.9670,0.0018
13.5740,113.1333,0.0018
13.5940,113.2998,0.0018
13.6140,113.4668,0.0017
13.6340,113.6335,0.0017
13.6540,113.8000,0.0017
13.6740,113.9668,0.0016
13.6940,114.1329,0.0017
13.7140,114.2996,0.0018
13.7340,114.4665,0.0019
13.7540,114.6332,0.0019
13.7740,114.8002,0.0019
13.7940,114.9669,0.0019
13.8140,115.1328,0.0018
13.8340,115.2999,0.0017
13.8540,115.4663,0.0017
13.8740,115.6330,0.0017
13.8940,115.8000,0.0018
13.9140,115.9663,0.0018
13.9340,116.1325,0.0018
13.9540,116.2999,0.0019
13.9740,116.4666,0.0019
13.9940,116.6333,0.0020
14.0140,116.8003,0.0020
14.0340,116.9668,0.0019
14.0540,117.1334,0.0019
14.0740,117.3002,0.0018
14.0940,117.4668,0.0018
14.1140,117.6335,0.0019
14.1340,117.8004,0.0020
14.1540,117.9669,0.0021
14.1740,118.1333,0.0021
14.1940,118.2997,0.0021
14.2140,118.4657,0.0021
14.2340,118.6331,0.0020
14.2540,118.8004,0.0019
14.2740,118.9668,0.0019
14.2940,119.1335,0.0019
14.3140,119.2998,0.0019
14.3340,119.4662,0.0019
14.3540,119.6332,0.0020
14.3720,119.7833,0.0021
14.3920,119.9500,0.0021
14.4120,120.1170,0.0022
14.4320,120.2833,0.0023
14.4520,120.4498,0.0022
14.4720,120.6166,0.0020
14.4920,120.7825,0.0020
14.5120,120.9497,0.0020
14.5320,121.1167,0.0021
14.5520,121.2833,0.0022
14.5720,121.4501,0.0023
14.5920,121.6167,0.0023
14.6120,121.7829,0.0023
14.6320,121.9502,0.0022
14.6520,122.1171,0.0021
14.6720,122.2837,0.0021
14.6920,122.4505,0.0021
14.7120,122.6171,0.0021
14.7320,122.7838,0.0021
14.7520,122.9502,0.0022
14.7680,123.0831,0.0023
14.7880,123.2496,0.0023
14.8080,123.4169,0.0024
14.8280,123.5833,0.0024
14.8480,123.7501,0.0023
14.8680,123.9169,0.0022
14.8880,124.0827,0.0022
14.9080,124.2498,0.0022
14.9260,124.4000,0.0023
14.9460,124.5662,0.0024
14.9660,124.7331,0.0025
14.9860,124.8998,0.0025
15.0040,125.0497,0.0024
15.0240,125.2167,0.0023
15.0440,125.3832,0.0023
15.0640,125.5493,0.0022
15.0840,125.7161,0.0022
15.1040,125.8830,0.0023
15.1240,126.0497,0.0024
15.1440,126.2168,0.0025
15.1640,126.3833,0.0026
15.1840,126.5498,0.0026
15.2040,126.7168,0.0027
15.2220,126.8668,0.0025
15.2400,127.0165,0.0024
15.2600,127.1837,0.0023
15.2800,127.3505,0.0024
15.3000,127.5176,0.0024
15.3180,127.6676,0.0025
15.3320,127.7833,0.0027
15.3520,127.9492,0.0027
15.3720,128.1166,0.0028
15.3920,128.2834,0.0028
15.4120,128.4501,0.0027
15.4280,128.5838,0.0025
15.4480,128.7501,0.0026
15.4680,128.9163,0.0027
15.4860,129.0665,0.0028
15.5060,129.2330,0.0029
15.5240,129.3828,0.0028
15.5400,129.5165,0.0026
15.5600,129.6832,0.0026
15.5800,129.8496,0.0026
15.6000,130.0164,0.0026
15.6180,130.1658,0.0027
15.6320,130.2821,0.0029
15.6520,130.4496,0.0029
15.6720,130.6166,0.0030
15.6920,130.7831,0.0030
15.7080,130.9167,0.0029
15.7220,131.0334,0.0027
15.7420,131.1996,0.0026
15.7620,131.3667,0.0026
15.7820,131.5333,0.0026
15.7980,131.6663,0.0028
15.8100,131.7665,0.0029
15.8300,131.9337,0.0029
15.8500,132.1000,0.0030
15.8700,132.2668,0.0031
15.8900,132.4339,0.0031
15.9100,132.5997,0.0032
15.9260,132.7336,0.0031
15.9400,132.8506,0.0029
15.9600,133.0169,0.0029
15.9740,133.1335,0.0031
15.9940,133.3004,0.0032
16.0140,133.4666,0.0033
16.0340,133.6331,0.0031
16.0460,133.7334,0.0030
16.0660,133.9001,0.0029
16.0860,134.0662,0.0029
16.1060,134.2330,0.0029
16.1260,134.3996,0.0031
16.1380,134.4997,0.0032
16.1580,134.6668,0.0033
16.1780,134.8332,0.0034
16.1980,134.9992,0.0035
16.2140,135.1330,0.0034
16.2260,135.2332,0.0032
16.2400,135.3497,0.0031
16.2600,135.5164,0.0031
16.2720,135.6165,0.0032
16.2820,135.6999,0.0033
16.3020,135.8663,0.0034
16.3220,136.0334,0.0035
16.3420,136.2002,0.0034
16.3540,136.2997,0.0033
16.3740,136.4659,0.0032
16.3940,136.6331,0.0031
16.4140,136.7997,0.0031
16.4300,136.9333,0.0033
16.4420,137.0336,0.0034
16.4540,137.1337,0.0036
16.4740,137.2998,0.0036
16.4920,137.4499,0.0037
16.5080,137.5837,0.0038
16.5280,137.7504,0.0038
16.5380,137.8336,0.0036
16.5480,137.9171,0.0035
16.5620,138.0338,0.0033
16.5820,138.2004,0.0032
16.6020,138.3668,0.0033
16.6140,138.4666,0.0034
16.6240,138.5500,0.0036
16.6440,138.7162,0.0037
16.6620,138.8664,0.0038
16.6820,139.0334,0.0039
16.7020,139.2000,0.0039
16.7220,139.3666,0.0039
16.7360,139.4831,0.0038
16.7560,139.6492,0.0037
16.7700,139.7658,0.0039
16.7800,139.8495,0.0040
16.8000,140.0166,0.0041
16.8200,140.1833,0.0040
16.8280,140.2500,0.0038
16.8380,140.3333,0.0037
16.8580,140.4999,0.0036
16.8780,140.6661,0.0036
16.8960,140.8165,0.0038
16.9080,140.9165,0.0039
16.9180,140.9998,0.0040
16.9280,141.0827,0.0042
16.9400,141.1829,0.0043
16.9600,141.3504,0.0043
16.9800,141.5168,0.0043
17.0000,141.6832,0.0042
17.0100,141.7665,0.0041
17.0200,141.8499,0.0040
17.0400,142.0156,0.0040
17.0500,142.0990,0.0041
17.0600,142.1830,0.0043
17.0700,142.2668,0.0044
17.0900,142.4340,0.0044
17.0980,142.5006,0.0043
17.1080,142.5837,0.0041
17.1240,142.7171,0.0040
17.1440,142.8833,0.0039
17.1580,142.9997,0.0040
17.1660,143.0663,0.0041
17.1740,143.1331,0.0043
17.1940,143.3002,0.0044
17.2100,143.4331,0.0045
17.2300,143.5998,0.0046
17.2420,143.7001,0.0044
17.2520,143.7835,0.0043
17.2640,143.8831,0.0041
17.2840,144.0497,0.0040
17.3040,144.2165,0.0040
17.3160,144.3163,0.0042
17.3260,144.3993,0.0044
17.3340,144.4659,0.0045
17.3540,144.6331,0.0046
17.3680,144.7500,0.0047
17.3800,144.8499,0.0048
17.4000,145.0166,0.0048
17.4200,145.1835,0.0048
17.4400,145.3497,0.0047
17.4480,145.4163,0.0046
17.4560,145.4831,0.0044
17.4680,145.5833,0.0043
17.4880,145.7496,0.0043
17.5080,145.9163,0.0044
17.5180,146.0000,0.0045
17.5260,146.0668,0.0047
17.5360,146.1502,0.0048
17.5460,146.2334,0.0050
17.5660,146.4001,0.0050
17.5860,146.5671,0.0051
17.6000,146.6834,0.0049
17.6100,146.7663,0.0048
17.6300,146.9330,0.0048
17.6400,147.0164,0.0049
17.6480,147.0833,0.0051
17.6680,147.2500,0.0052
17.6880,147.4173,0.0053
17.7080,147.5840,0.0052
17.7160,147.6507,0.0051
17.7220,147.7005,0.0049
17.7300,147.7670,0.0048
17.7500,147.9337,0.0047
17.7700,148.0997,0.0047
17.7860,148.2327,0.0049
17.7960,148.3162,0.0050
17.8040,148.3831,0.0052
17.8100,148.4335,0.0053
17.8180,148.5002,0.0054
17.8380,148.6669,0.0054
17.8580,148.8336,0.0055
17.8780,148.9998,0.0055
17.8860,149.0661,0.0054
17.8940,149.1325,0.0052
17.9040,149.2158,0.0051
17.9220,149.3662,0.0052
17.9300,149.4329,0.0054
17.9360,149.4829,0.0055
17.9560,149.6494,0.0057
17.9760,149.8166,0.0057
17.9840,149.8833,0.0056
17.9900,149.9332,0.0054
17.9980,149.9997,0.0053
18.0080,150.0829,0.0052
18.0280,150.2496,0.0051
18.0480,150.4162,0.0052
18.0660,150.5657,0.0053
18.0740,150.6324,0.0055
18.0820,150.6994,0.0056
18.0880,150.7497,0.0058
18.0940,150.7999,0.0059
18.1140,150.9667,0.0059
18.1340,151.1334,0.0060
18.1440,151.2169,0.0058
18.1520,151.2836,0.0057
18.1680,151.4166,0.0056
18.1840,151.5495,0.0057
18.1900,151.5996,0.0058
18.1960,151.6497,0.0060
18.2020,151.6998,0.0061
18.2220,151.8668,0.0062
18.2420,152.0336,0.0063
18.2520,152.1171,0.0061
18.2580,152.1671,0.0060
18.2660,152.2338,0.0058
18.2740,152.3004,0.0057
18.2940,152.4667,0.0056
18.3140,152.6337,0.0056
18.3320,152.7834,0.0058
18.3420,152.8666,0.0059
18.3500,152.9330,0.0061
18.3560,152.9830,0.0062
18.3620,153.0332,0.0064
18.3680,153.0835,0.0065
18.3880,153.2502,0.0065
18.4080,153.4165,0.0066
18.4220,153.5334,0.0064
18.4300,153.6003,0.0063
18.4400,153.6835,0.0061
18.4600,153.8494,0.0062
18.4680,153.9161,0.0063
18.4740,153.9663,0.0065
18.4800,154.0166,0.0066
18.4860,154.0668,0.0068
18.5060,154.2332,0.0069
18.5260,154.3996,0.0067
18.5320,154.4497,0.0066
18.5380,154.4999,0.0064
18.5460,154.5667,0.0063
18.5580,154.6666,0.0062
18.5780,154.8328,0.0061
18.5980,154.9998,0.0063
18.6140,155.1331,0.0064
18.6220,155.1996,0.0066
18.6280,155.2494,0.0067
18.6340,155.2993,0.0069
18.6400,155.3493,0.0070
18.6460,155.3996,0.0072
18.6540,155.4665,0.0073
18.6640,155.5502,0.0075
18.6760,155.6500,0.0073
18.6820,155.6998,0.0071
18.6860,155.7331,0.0069
18.6900,155.7664,0.0068
18.6960,155.8165,0.0066
18.7160,155.9835,0.0067
18.7220,156.0334,0.0068
18.7360,156.1498,0.0069
18.7460,156.2330,0.0071
18.7520,156.2831,0.0072
18.7600,156.3500,0.0074
18.7740,156.4669,0.0072
18.7800,156.5168,0.0071
18.7860,156.5668,0.0069
18.7940,156.6331,0.0068
18.8060,156.7330,0.0067
18.8260,156.8999,0.0066
18.8460,157.0667,0.0066
18.8560,157.1501,0.0068
18.8620,157.2002,0.0069
18.8680,157.2503,0.0071
18.8740,157.3006,0.0073
18.8780,157.3339,0.0074
18.8860,157.4006,0.0075
18.9060,157.5667,0.0076
18.9160,157.6497,0.0077
18.9340,157.8001,0.0076
18.9400,157.8501,0.0074
18.9460,157.9001,0.0073
18.9540,157.9668,0.0071
18.9740,158.1333,0.0071
18.9820,158.2000,0.0072
18.9880,158.2503,0.0074
18.9940,158.3003,0.0076
19.0140,158.4666,0.0076
19.0280,158.5828,0.0074
19.0400,158.6827,0.0073
19.0520,158.7832,0.0072
19.0720,158.9500,0.0071
19.0880,159.0831,0.0072
19.0940,159.1332,0.0074
19.1000,159.1834,0.0076
19.1040,159.2168,0.0077
19.1140,159.3004,0.0078
19.1300,159.4334,0.0080
19.1380,159.4998,0.0081
19.1580,159.6664,0.0081
19.1660,159.7333,0.0079
19.1740,159.7999,0.0078
19.1820,159.8664,0.0076
19.1900,159.9329,0.0075
19.2020,160.0325,0.0074
19.2220,160.1999,0.0073
19.2420,160.3668,0.0074
19.2500,160.4333,0.0076
19.2560,160.4833,0.0078
19.2600,160.5167,0.0079
19.2640,160.5501,0.0080
19.2680,160.5835,0.0082
19.2740,160.6336,0.0084
19.2940,160.7999,0.0083
19.3060,160.8993,0.0085
19.3140,160.9659,0.0086
19.3340,161.1332,0.0085
19.3400,161.1835,0.0083
19.3460,161.2335,0.0082
19.3660,161.4000,0.0082
19.3720,161.4499,0.0084
19.3920,161.6170,0.0082
19.4000,161.6835,0.0081
19.4080,161.7500,0.0080
19.4280,161.9162,0.0079
19.4480,162.0831,0.0079
19.4680,162.2496,0.0080
19.4760,162.3161,0.0081
19.4820,162.3660,0.0083
19.4860,162.3994,0.0084
19.4900,162.4330,0.0085
19.4940,162.4665,0.0087
19.4980,162.5001,0.0088
19.5020,162.5335,0.0090
19.5080,162.5838,0.0091
19.5280,162.7504,0.0091
19.5480,162.9168,0.0091
19.5540,162.9667,0.0089
19.5600,163.0166,0.0087
19.5660,163.0665,0.0086
19.5760,163.1496,0.0084
19.5960,163.3159,0.0085
19.6020,163.3660,0.0087
19.6060,163.3992,0.0088
19.6100,163.4329,0.0090
19.6140,163.4664,0.0091
19.6180,163.5000,0.0093
19.6360,163.6499,0.0091
19.6420,163.6999,0.0090
19.6480,163.7500,0.0088
19.6540,163.8000,0.0087
19.6640,163.8834,0.0086
19.6820,164.0334,0.0084
19.7020,164.1996,0.0084
19.7180,164.3331,0.0086
19.7240,164.3832,0.0087
19.7300,164.4333,0.0089
19.7340,164.4666,0.0090
19.7380,164.5000,0.0092
19.7420,164.5333,0.0093
19.7460,164.5665,0.0095
19.7500,164.5997,0.0096
19.7700,164.7661,0.0096
19.7860,164.9000,0.0097
19.8020,165.0336,0.0096
19.8080,165.0834,0.0094
19.8140,165.1334,0.0092
19.8200,165.1834,0.0091
19.8260,165.2335,0.0089
19.8340,165.3002,0.0087
19.8440,165.3837,0.0086
19.8640,165.5500,0.0087
19.8740,165.6331,0.0088
19.8860,165.7330,0.0090
19.8920,165.7830,0.0091
19.8980,165.8333,0.0093
19.9020,165.8669,0.0094
19.9060,165.9001,0.0096
19.9100,165.9337,0.0097
19.9140,165.9670,0.0099
19.9180,166.0002,0.0100
19.9360,166.1499,0.0098
19.9400,166.1833,0.0097
19.9440,166.2166,0.0096
19.9500,166.2667,0.0094
19.9700,166.4335,0.0095
19.9740,166.4667,0.0096
19.9780,166.4998,0.0098
19.9820,166.5332,0.0099
20.0000,166.6831,0.0101
20.0120,166.7833,0.0102
20.0180,166.8335,0.0104
20.0240,166.8835,0.0105
20.0360,166.9832,0.0103
20.0400,167.0162,0.0102
20.0440,167.0494,0.0101
20.0480,167.0826,0.0099
20.0520,167.1159,0.0098
20.0560,167.1493,0.0096
20.0620,167.1995,0.0095
20.0700,167.2665,0.0093
20.0900,167.4337,0.0093
20.1040,167.5503,0.0094
20.1100,167.6004,0.0096
20.1200,167.6838,0.0097
20.1320,167.7840,0.0098
20.1380,167.8339,0.0100
20.1440,167.8837,0.0102
20.1480,167.9170,0.0103
20.1520,167.9502,0.0104
20.1560,167.9833,0.0106
20.1600,168.0164,0.0107
20.1640,168.0497,0.0108
20.1760,168.1495,0.0106
20.1800,168.1830,0.0105
20.1840,168.2162,0.0103
20.1880,168.2497,0.0101
20.1920,168.2830,0.0099
20.1960,168.3164,0.0098
20.2040,168.3830,0.0096
20.2240,168.5497,0.0097
20.2300,168.5997,0.0098
20.2340,168.6331,0.0100
20.2380,168.6665,0.0101
20.2420,168.7001,0.0103
20.2460,168.7334,0.0104
20.2500,168.7668,0.0106
20.2540,168.8002,0.0108
20.2580,168.8335,0.0109
20.2780,168.9999,0.0109
20.2980,169.1666,0.0110
20.3060,169.2332,0.0111
20.3140,169.2997,0.0113
20.3240,169.3824,0.0114
20.3380,169.4989,0.0115
20.3540,169.6330,0.0117
20.3680,169.7502,0.0118
20.3800,169.8503,0.0119
20.3920,169.9501,0.0121
20.4020,170.0336,0.0119
20.4060,170.0669,0.0117
20.4100,170.1003,0.0114
20.4140,170.1336,0.0112
20.4180,170.1669,0.0109
20.4220,170.2001,0.0107
20.4260,170.2334,0.0105
20.4300,170.2666,0.0104
20.4340,170.2999,0.0103
20.4400,170.3498,0.0101
20.4460,170.3996,0.0100
20.4540,170.4663,0.0098
20.4740,170.6331,0.0100
20.4820,170.6998,0.0101
20.4960,170.8163,0.0102
20.5040,170.8830,0.0104
20.5100,170.9332,0.0105
20.5160,170.9834,0.0107
20.5200,171.0169,0.0109
20.5240,171.0503,0.0110
20.5280,171.0838,0.0112
20.5320,171.1171,0.0113
20.5360,171.1504,0.0115
20.5400,171.1837,0.0116
20.5440,171.2170,0.0117
20.5500,171.2668,0.0119
20.5580,171.3333,0.0121
20.5680,171.4165,0.0122
20.5840,171.5500,0.0120
20.5880,171.5833,0.0119
20.5940,171.6333,0.0117
20.6040,171.7163,0.0116
20.6180,171.8325,0.0117
20.6260,171.8995,0.0119
20.6460,172.0670,0.0117
20.6500,172.1004,0.0115
20.6540,172.1337,0.0114
20.6580,172.1671,0.0112
20.6620,172.2004,0.0110
20.6660,172.2337,0.0108
20.6700,172.2670,0.0107
20.6740,172.3004,0.0106
20.6800,172.3505,0.0104
20.6900,172.4338,0.0103
20.7100,172.6003,0.0103
20.7300,172.7665,0.0104
20.7400,172.8498,0.0106
20.7500,172.9335,0.0107
20.7640,173.0502,0.0108
20.7840,173.2164,0.0108
20.7940,173.2997,0.0106
20.8000,173.3498,0.0105
20.8040,173.3832,0.0103
20.8080,173.4166,0.0101
20.8120,173.4499,0.0099
20.8160,173.4832,0.0098
20.8200,173.5165,0.0096
20.8240,173.5498,0.0095
20.8300,173.5996,0.0094
20.8500,173.7663,0.0093
20.8600,173.8498,0.0094
20.8660,173.8998,0.0096
20.8720,173.9500,0.0098
20.8780,173.9999,0.0099
20.8840,174.0497,0.0101
20.8900,174.0994,0.0103
20.8960,174.1491,0.0105
20.9020,174.1992,0.0106
20.9080,174.2494,0.0108
20.9140,174.2996,0.0109
20.9200,174.3496,0.0110
20.9260,174.3998,0.0112
20.9320,174.4498,0.0113
20.9380,174.4999,0.0114
20.9460,174.5665,0.0116
20.9540,174.6329,0.0117
20.9740,174.8000,0.0118
20.9880,174.9166,0.0120
20.9960,174.9832,0.0121
21.0020,175.0330,0.0123
21.0080,175.0830,0.0124
21.0140,175.1330,0.0125
21.0220,175.1998,0.0127
21.0300,175.2666,0.0128
21.0400,175.3500,0.0130
21.0500,175.4334,0.0131
21.0700,175.5995,0.0130
21.0780,175.6663,0.0128
21.0980,175.8332,0.0128
21.1080,175.9166,0.0126
21.1120,175.9497,0.0124
21.1140,175.9664,0.0123
21.1160,175.9830,0.0121
21.1180,175.9997,0.0120
21.1200,176.0163,0.0118
21.1220,176.0329,0.0117
21.1240,176.0496,0.0115
21.1260,176.0663,0.0114
21.1280,176.0830,0.0113
21.1300,176.0997,0.0111
21.1340,176.1331,0.0109
21.1380,176.1665,0.0107
21.1420,176.2000,0.0105
21.1460,176.2335,0.0103
21.1520,176.2836,0.0102
21.1720,176.4499,0.0102
21.1780,176.4996,0.0103
21.1840,176.5496,0.0105
21.1880,176.5829,0.0106
21.1920,176.6164,0.0107
21.1960,176.6497,0.0109
21.2000,176.6833,0.0111
21.2040,176.7166,0.0112
21.2080,176.7501,0.0114
21.2120,176.7836,0.0116
21.2160,176.8168,0.0118
21.2200,176.8501,0.0120
21.2240,176.8834,0.0122
21.2280,176.9167,0.0123
21.2400,177.0165,0.0121
21.2440,177.0499,0.0120
21.2520,177.1167,0.0119
21.2580,177.1669,0.0117
21.2640,177.2171,0.0115
21.2720,177.2839,0.0114
21.2900,177.4338,0.0115
21.2960,177.4837,0.0116
21.3020,177.5338,0.0118
21.3080,177.5839,0.0120
21.3120,177.6172,0.0121
21.3160,177.6506,0.0123
21.3200,177.6840,0.0124
21.3240,177.7171,0.0126
21.3280,177.7504,0.0127
21.3420,177.8665,0.0128
21.3540,177.9662,0.0130
21.3620,178.0329,0.0131
21.3700,178.0999,0.0130
21.3740,178.1334,0.0127
21.3760,178.1501,0.0126
21.3780,178.1668,0.0124
21.3800,178.1835,0.0123
21.3820,178.2001,0.0122
21.3840,178.2169,0.0120
21.3860,178.2335,0.0119
21.3900,178.2668,0.0117
21.3940,178.3001,0.0115
21.4100,178.4334,0.0116
21.4140,178.4667,0.0118
21.4180,178.5002,0.0120
21.4220,178.5335,0.0122
21.4420,178.7003,0.0121
21.4580,178.8328,0.0123
21.4640,178.8825,0.0124
21.4720,178.9492,0.0126
21.4820,179.0329,0.0127
21.4900,179.0997,0.0129
21.4960,179.1499,0.0130
21.5020,179.1999,0.0132
21.5080,179.2500,0.0134
21.5140,179.2999,0.0135
21.5200,179.3497,0.0137
21.5300,179.4332,0.0135
21.5340,179.4665,0.0132
21.5360,179.4833,0.0131
21.5380,179.5000,0.0129
21.5400,179.5167,0.0128
21.5420,179.5333,0.0126
21.5440,179.5502,0.0125
21.5480,179.5835,0.0122
21.5520,179.6169,0.0121
21.5560,179.6501,0.0119
21.5620,179.7000,0.0117
21.5700,179.7667,0.0116
21.5800,179.8499,0.0115
21.6000,180.0168,0.0116
21.6060,180.0668,0.0117
21.6100,180.1001,0.0119
21.6140,180.1334,0.0120
21.6180,180.1667,0.0122
21.6220,180.1999,0.0123
21.6260,180.2330,0.0125
21.6300,180.2663,0.0126
21.6340,180.2996,0.0128
21.6380,180.3329,0.0129
21.6420,180.3662,0.0131
21.6460,180.3996,0.0132
21.6500,180.4330,0.0134
21.6560,180.4831,0.0136
21.6620,180.5332,0.0137
21.6680,180.5832,0.0138
21.6760,180.6499,0.0140
21.6860,180.7332,0.0141
21.7060,180.8998,0.0141
21.7100,180.9332,0.0139
21.7140,180.9666,0.0137
21.7180,180.9999,0.0135
21.7220,181.0332,0.0133
21.7260,181.0665,0.0132
21.7300,181.0999,0.0130
21.7360,181.1496,0.0129
21.7560,181.3160,0.0131
21.7620,181.3662,0.0132
21.7760,181.4836,0.0133
21.7860,181.5671,0.0135
21.7940,181.6336,0.0136
21.8000,181.6836,0.0138
21.8060,181.7335,0.0139
21.8260,181.9001,0.0140
21.8460,182.0665,0.0140
21.8600,182.1830,0.0142
21.8800,182.3501,0.0140
21.9000,182.5169,0.0139
21.9200,182.6830,0.0139
21.9340,182.8000,0.0140
21.9460,182.9003,0.0142
21.9660,183.0666,0.0142
21.9760,183.1496,0.0141
21.9800,183.1831,0.0139
21.9840,183.2163,0.0137
21.9880,183.2498,0.0135
21.9920,183.2832,0.0133
21.9960,183.3166,0.0132
22.0000,183.3499,0.0130
22.0040,183.3835,0.0128
22.0080,183.4167,0.0127
22.0140,183.4667,0.0125
22.0220,183.5333,0.0123
22.0300,183.5999,0.0122
22.0500,183.7669,0.0121
22.0700,183.9336,0.0120
22.0900,184.0997,0.0119
22.1100,184.2663,0.0118
22.1300,184.4331,0.0119
22.1500,184.5997,0.0120
22.1700,184.7668,0.0120
22.1820,184.8667,0.0122
22.1900,184.9332,0.0123
22.2100,185.0997,0.0123
22.2300,185.2667,0.0122
22.2400,185.3499,0.0124
22.2600,185.5164,0.0123
22.2800,185.6834,0.0124
22.2880,185.7501,0.0125
22.2940,185.8002,0.0126
22.3000,185.8501,0.0128
22.3060,185.8999,0.0129
22.3200,186.0164,0.0128
22.3400,186.1835,0.0128
22.3520,186.2836,0.0129
22.3600,186.3502,0.0131
22.3660,186.4001,0.0132
22.3720,186.4500,0.0134
22.3780,186.5000,0.0135
22.3900,186.6000,0.0134
22.4100,186.7666,0.0134
22.4180,186.8332,0.0136
22.4240,186.8831,0.0137
22.4300,186.9333,0.0139
22.4340,186.9664,0.0140
22.4380,186.9999,0.0142
22.4420,187.0333,0.0143
22.4620,187.2003,0.0142
22.4780,187.3334,0.0144
22.4860,187.3999,0.0145
22.4920,187.4500,0.0147
22.4980,187.4999,0.0149
22.5040,187.5501,0.0151
22.5100,187.6002,0.0152
22.5160,187.6502,0.0154
22.5220,187.7003,0.0155
22.5300,187.7668,0.0157
22.5500,187.9336,0.0158
22.5700,188.1004,0.0157
22.5900,188.2662,0.0157
22.6040,188.3828,0.0159
22.6160,188.4831,0.0160
22.6260,188.5667,0.0161
22.6380,188.6667,0.0162
22.6540,188.7998,0.0161
22.6580,188.8330,0.0159
22.6620,188.8666,0.0157
22.6660,188.8998,0.0155
22.6700,188.9332,0.0154
22.6780,189.0002,0.0153
22.6920,189.1168,0.0154
22.6980,189.1667,0.0156
22.7040,189.2166,0.0158
22.7100,189.2664,0.0159
22.7180,189.3330,0.0158
22.7200,189.3496,0.0156
22.7220,189.3663,0.0153
22.7240,189.3829,0.0151
22.7260,189.3996,0.0148
22.7280,189.4163,0.0146
22.7300,189.4330,0.0144
22.7320,189.4496,0.0142
22.7340,189.4662,0.0140
22.7360,189.4830,0.0138
22.7380,189.4997,0.0137
22.7420,189.5330,0.0135
22.7480,189.5830,0.0133
22.7580,189.6661,0.0135
22.7620,189.6993,0.0137
22.7660,189.7326,0.0139
22.7700,189.7659,0.0142
22.7740,189.7993,0.0144
22.7820,189.8662,0.0143
22.7860,189.8998,0.0141
22.7920,189.9500,0.0140
22.7980,190.0002,0.0138
22.8180,190.1669,0.0139
22.8220,190.2002,0.0141
22.8260,190.2335,0.0142
22.8300,190.2668,0.0144
22.8460,190.4003,0.0145
22.8540,190.4669,0.0146
22.8600,190.5167,0.0148
22.8640,190.5500,0.0150
22.8680,190.5832,0.0152
22.8720,190.6165,0.0153
22.8760,190.6495,0.0155
22.8800,190.6829,0.0156
22.8840,190.7161,0.0158
22.8880,190.7495,0.0159
22.8920,190.7829,0.0161
22.9020,190.8665,0.0159
22.9040,190.8832,0.0157
22.9060,190.8999,0.0155
22.9080,190.9167,0.0153
22.9100,190.9333,0.0150
22.9120,190.9500,0.0148
22.9140,190.9667,0.0145
22.9160,190.9834,0.0143
22.9180,191.0000,0.0141
22.9200,191.0166,0.0138
22.9220,191.0333,0.0136
22.9240,191.0500,0.0135
22.9260,191.0665,0.0133
22.9280,191.0833,0.0132
22.9320,191.1166,0.0130
22.9360,191.1499,0.0128
22.9560,191.3170,0.0128
22.9620,191.3672,0.0130
22.9680,191.4171,0.0132
22.9720,191.4504,0.0133
22.9760,191.4837,0.0135
22.9800,191.5170,0.0137
22.9840,191.5501,0.0139
22.9880,191.5833,0.0141
22.9920,191.6165,0.0143
22.9960,191.6497,0.0145
23.0000,191.6831,0.0147
23.0040,191.7164,0.0149
23.0080,191.7497,0.0151
23.0160,191.8165,0.0152
23.0240,191.8832,0.0154
23.0300,191.9331,0.0155
23.0400,192.0163,0.0153
23.0440,192.0496,0.0151
23.0460,192.0661,0.0149
23.0480,192.0827,0.0148
23.0520,192.1161,0.0146
23.0560,192.1496,0.0143
23.0600,192.1831,0.0142
23.0640,192.2166,0.0140
23.0700,192.2670,0.0139
23.0880,192.4175,0.0137
23.0940,192.4673,0.0136
23.1100,192.6004,0.0137
23.1240,192.7170,0.0139
23.1300,192.7671,0.0140
23.1360,192.8169,0.0142
23.1400,192.8502,0.0143
23.1440,192.8835,0.0145
23.1480,192.9167,0.0147
23.1520,192.9498,0.0149
23.1720,193.1160,0.0149
23.1840,193.2163,0.0151
23.1900,193.2666,0.0152
23.1940,193.3001,0.0154
23.1980,193.3333,0.0155
23.2020,193.3668,0.0157
23.2220,193.5330,0.0155
23.2400,193.6832,0.0157
23.2600,193.8500,0.0157
23.2760,193.9829,0.0158
23.2820,194.0328,0.0160
23.2880,194.0828,0.0161
23.2920,194.1162,0.0163
23.2960,194.1496,0.0164
23.3000,194.1831,0.0166
23.3040,194.2165,0.0167
23.3080,194.2499,0.0168
23.3140,194.2998,0.0170
23.3220,194.3663,0.0168
23.3240,194.3828,0.0166
23.3260,194.3994,0.0165
23.3280,194.4160,0.0163
23.3300,194.4325,0.0161
23.3320,194.4490,0.0159
23.3340,194.4657,0.0158
23.3360,194.4826,0.0156
23.3380,194.4990,0.0154
23.3400,194.5157,0.0152
23.3420,194.5324,0.0151
23.3440,194.5490,0.0149
23.3460,194.5658,0.0148
23.3480,194.5826,0.0147
23.3520,194.6161,0.0144
23.3560,194.6496,0.0142
23.3600,194.6833,0.0141
23.3640,194.7167,0.0139
23.3700,194.7667,0.0137
23.3900,194.9332,0.0139
23.3940,194.9665,0.0141
23.3980,194.9999,0.0143
23.4020,195.0332,0.0146
23.4040,195.0499,0.0147
23.4060,195.0666,0.0148
23.4080,195.0832,0.0149
23.4100,195.1000,0.0151
23.4120,195.1168,0.0152
23.4160,195.1501,0.0154
23.4200,195.1835,0.0156
23.4240,195.2169,0.0158
23.4280,195.2502,0.0160
23.4320,195.2833,0.0162
23.4360,195.3166,0.0164
23.4400,195.3498,0.0166
23.4440,195.3830,0.0168
23.4480,195.4163,0.0169
23.4520,195.4496,0.0170
23.4640,195.5499,0.0169
23.4660,195.5665,0.0168
23.4680,195.5833,0.0166
23.4700,195.6001,0.0165
23.4720,195.6168,0.0163
23.4760,195.6503,0.0161
23.4840,195.7169,0.0160
23.5000,195.8498,0.0158
23.5040,195.8829,0.0155
23.5080,195.9164,0.0154
23.5120,195.9496,0.0152
23.5320,196.1168,0.0153
23.5520,196.2834,0.0155
23.5580,196.3332,0.0157
23.5620,196.3666,0.0158
23.5660,196.3999,0.0160
23.5700,196.4333,0.0161
23.5860,196.5670,0.0163
23.5940,196.6337,0.0164
23.6000,196.6835,0.0165
23.6060,196.7333,0.0167
23.6100,196.7665,0.0169
23.6140,196.7996,0.0170
23.6180,196.8329,0.0171
23.6220,196.8662,0.0173
23.6280,196.9163,0.0174
23.6340,196.9665,0.0176
23.6480,197.0835,0.0177
23.6680,197.2502,0.0176
23.6860,197.4004,0.0175
23.7060,197.5675,0.0174
23.7260,197.7337,0.0174
23.7460,197.9000,0.0174
23.7660,198.0667,0.0175
23.7860,198.2331,0.0176
23.8060,198.4000,0.0176
23.8260,198.5668,0.0177
23.8460,198.7333,0.0177
23.8660,198.8999,0.0176
23.8860,199.0664,0.0175
23.9060,199.2326,0.0174
23.9260,199.3996,0.0175
23.9460,199.5665,0.0176
23.9660,199.7334,0.0176
23.9860,199.9003,0.0177
24.0020,200.0331,0.0175
24.0080,200.0828,0.0173
24.0120,200.1161,0.0172
24.0160,200.1491,0.0170
24.0220,200.1992,0.0169
24.0420,200.3663,0.0171
24.0480,200.4165,0.0172
24.0540,200.4664,0.0174
24.0600,200.5164,0.0176
24.0680,200.5830,0.0177
24.0800,200.6832,0.0178
24.1000,200.8502,0.0179
24.1200,201.0167,0.0179
24.1400,201.1832,0.0178
24.1600,201.3501,0.0178
24.1800,201.5161,0.0177
24.2000,201.6829,0.0177
24.2200,201.8503,0.0177
24.2400,202.0168,0.0177
24.2600,202.1837,0.0176
24.2800,202.3503,0.0176
24.3000,202.5166,0.0177
24.3200,202.6839,0.0176
24.3400,202.8506,0.0176
24.3600,203.0169,0.0175
24.3800,203.1836,0.0175
24.4000,203.3497,0.0175
24.4200,203.5165,0.0176
24.4400,203.6833,0.0176
24.4600,203.8495,0.0175
24.4800,204.0161,0.0175
24.5000,204.1834,0.0174
24.5200,204.3499,0.0175
24.5400,204.5166,0.0175
24.5600,204.6834,0.0176
24.5800,204.8497,0.0176
24.6000,205.0164,0.0176
24.6200,205.1835,0.0175
24.6400,205.3498,0.0174
24.6600,205.5165,0.0173
24.6800,205.6830,0.0172
24.7000,205.8494,0.0173
24.7200,206.0168,0.0173
24.7400,206.1833,0.0172
24.7600,206.3493,0.0172
24.7800,206.5167,0.0171
24.8000,206.6835,0.0170
24.8200,206.8499,0.0169
24.8380,207.0002,0.0168
24.8500,207.1002,0.0166
24.8640,207.2166,0.0165
24.8800,207.3501,0.0164
24.8940,207.4670,0.0162
24.9120,207.6171,0.0161
24.9320,207.7834,0.0160
24.9520,207.9503,0.0159
24.9660,208.0667,0.0157
24.9780,208.1666,0.0156
24.9880,208.2498,0.0154
24.9980,208.3334,0.0153
25.0060,208.4000,0.0152
25.0140,208.4665,0.0150
25.0220,208.5328,0.0149
25.0300,208.5992,0.0147
25.0380,208.6657,0.0146
25.0480,208.7495,0.0145
25.0580,208.8332,0.0143
25.0680,208.9169,0.0142
25.0800,209.0166,0.0140
25.0920,209.1166,0.0139
25.1040,209.2166,0.0138
25.1160,209.3169,0.0136
25.1280,209.4170,0.0135
25.1400,209.5164,0.0134
25.1520,209.6162,0.0132
25.1640,209.7164,0.0131
25.1740,209.8000,0.0130
25.1840,209.8834,0.0128
25.1940,209.9667,0.0127
25.2040,210.0498,0.0126
25.2160,210.1500,0.0124
25.2300,210.2669,0.0123
25.2440,210.3836,0.0122
25.2560,210.4833,0.0120
25.2680,210.5831,0.0119
25.2780,210.6664,0.0118
25.2880,210.7498,0.0116
25.3000,210.8497,0.0115
25.3120,210.9490,0.0114
25.3240,211.0490,0.0112
25.3360,211.1496,0.0111
25.3460,211.2336,0.0110
25.3560,211.3172,0.0108
25.3660,211.4005,0.0107
25.3780,211.5005,0.0106
25.3920,211.6171,0.0104
25.4080,211.7503,0.0103
25.4220,211.8665,0.0101
25.4340,211.9660,0.0100
25.4460,212.0661,0.0099
25.4600,212.1832,0.0097
25.4760,212.3169,0.0096
25.4900,212.4335,0.0095
25.5020,212.5337,0.0093
25.5140,212.6340,0.0092
25.5260,212.7338,0.0090
25.5380,212.8334,0.0089
25.5500,212.9333,0.0088
25.5640,213.0502,0.0086
25.5760,213.1500,0.0085
25.5860,213.2330,0.0084
25.5960,213.3157,0.0082
25.6080,213.4158,0.0081
25.6180,213.4998,0.0080
25.6260,213.5668,0.0078
25.6340,213.6338,0.0077
25.6400,213.6837,0.0075
25.6460,213.7336,0.0074
25.6520,213.7834,0.0072
25.6580,213.8332,0.0071
25.6640,213.8831,0.0070
25.6720,213.9498,0.0068
25.6800,214.0165,0.0067
25.6900,214.0997,0.0066
25.7020,214.1995,0.0064
25.7160,214.3161,0.0063
25.7280,214.4164,0.0061
25.7400,214.5164,0.0060
25.7520,214.6166,0.0059
25.7640,214.7163,0.0057
25.7760,214.8163,0.0056
25.7900,214.9333,0.0055
25.8060,215.0667,0.0054
25.8220,215.1999,0.0052
25.8360,215.3166,0.0051
25.8460,215.4000,0.0049
25.8560,215.4832,0.0048
25.8660,215.5663,0.0047
25.8780,215.6660,0.0045
25.8920,215.7826,0.0044
25.9060,215.8999,0.0043
25.9180,216.0001,0.0041
25.9280,216.0834,0.0040
25.9360,216.1499,0.0039
25.9460,216.2334,0.0037
25.9580,216.3335,0.0036
25.9780,216.5003,0.0035
25.9980,216.6667,0.0034
26.0180,216.8334,0.0033
26.0380,217.0000,0.0032
26.0580,217.1661,0.0031
26.0780,217.3335,0.0030
26.0980,217.5007,0.0029
26.1180,217.6671,0.0028
26.1380,217.8338,0.0027
26.1540,217.9666,0.0026
26.1640,218.0494,0.0024
26.1740,218.1325,0.0023
26.1880,218.2497,0.0022
26.2080,218.4168,0.0021
26.2280,218.5833,0.0021
26.2480,218.7503,0.0020
26.2620,218.8669,0.0019
26.2740,218.9665,0.0017
26.2920,219.1161,0.0016
26.3120,219.2830,0.0015
26.3320,219.4491,0.0014
26.3520,219.6160,0.0014
26.3720,219.7833,0.0014
26.3920,219.9502,0.0014
26.4120,220.1170,0.0013
26.4320,220.2835,0.0012
26.4520,220.4491,0.0011
26.4720,220.6163,0.0010
26.4920,220.7833,0.0010
26.5120,220.9501,0.0010
26.5320,221.1170,0.0010
26.5520,221.2832,0.0009
26.5720,221.4495,0.0009
26.5920,221.6165,0.0008
26.6120,221.7831,0.0007
26.6320,221.9498,0.0007
26.6520,222.1171,0.0008
26.6720,222.2838,0.0008
26.6920,222.4503,0.0008
26.7120,222.6171,0.0007
26.7320,222.7832,0.0007
26.7520,222.9500,0.0006
26.7720,223.1172,0.0006
26.7920,223.2833,0.0006
26.8120,223.4501,0.0007
26.8320,223.6169,0.0007
26.8520,223.7829,0.0007
26.8720,223.9499,0.0006
26.8920,224.1166,0.0006
26.9120,224.2829,0.0005
26.9320,224.4499,0.0005
26.9520,224.6164,0.0005
26.9720,224.7831,0.0005
26.9920,224.9500,0.0005
27.0120,225.1163,0.0005
27.0320,225.2833,0.0005
27.0520,225.4501,0.0004
27.0720,225.6163,0.0003
27.0920,225.7831,0.0004
27.1120,225.9496,0.0003
27.1320,226.1160,0.0003
27.1520,226.2833,0.0003
27.1720,226.4500,0.0004
27.1920,226.6161,0.0004
27.2120,226.7830,0.0005
27.2320,226.9497,0.0004
27.2520,227.1167,0.0004
27.2720,227.2838,0.0005
27.2920,227.4503,0.0005
27.3120,227.6170,0.0005
27.3320,227.7837,0.0005
27.3520,227.9499,0.0005
27.3680,228.0832,0.0003
27.3880,228.2501,0.0002
27.4080,228.4166,0.0002
27.4280,228.5834,0.0002
27.4480,228.7503,0.0002
27.4680,228.9164,0.0002
27.4880,229.0831,0.0002
27.5080,229.2500,0.0002
27.5280,229.4165,0.0002
27.5480,229.5833,0.0002
27.5680,229.7500,0.0002
27.5880,229.9161,0.0002
27.6080,230.0833,0.0002
27.6280,230.2501,0.0002
27.6480,230.4167,0.0002
27.6680,230.5836,0.0002
27.6880,230.7499,0.0002
27.7080,230.9163,0.0002
27.7280,231.0832,0.0002
27.7480,231.2496,0.0002
27.7680,231.4164,0.0002
27.7880,231.5836,0.0002
27.8080,231.7502,0.0002
27.8280,231.9163,0.0002
27.8480,232.0829,0.0002
27.8680,232.2495,0.0002
27.8880,232.4170,0.0002
27.9080,232.5840,0.0002
27.9280,232.7505,0.0002
27.9480,232.9168,0.0002
27.9680,233.0831,0.0002
27.9880,233.2493,0.0002
28.0080,233.4163,0.0002
28.0280,233.5831,0.0002
28.0480,233.7497,0.0002
28.0680,233.9168,0.0002
28.0880,234.0831,0.0002
28.1080,234.2496,0.0002
28.1280,234.4164,0.0002
28.1480,234.5829,0.0002
28.1680,234.7501,0.0002
28.1880,234.9172,0.0002
28.2080,235.0835,0.0002
28.2280,235.2502,0.0002
28.2480,235.4167,0.0002
28.2680,235.5829,0.0002
28.2880,235.7501,0.0002
28.3080,235.9167,0.0002
28.3280,236.0827,0.0002
28.3480,236.2502,0.0002
28.3680,236.4166,0.0002
28.3880,236.5831,0.0002
28.4080,236.7501,0.0002
28.4280,236.9165,0.0002
28.4480,237.0830,0.0002
28.4680,237.2503,0.0002
28.4880,237.4169,0.0002
28.5080,237.5836,0.0002
28.5280,237.7504,0.0002
28.5480,237.9166,0.0002
28.5680,238.0833,0.0002
28.5880,238.2498,0.0002
28.6080,238.4156,0.0002
28.6280,238.5830,0.0002
28.6480,238.7501,0.0002
28.6680,238.9167,0.0002
28.6880,239.0833,0.0002
28.7080,239.2498,0.0002
28.7280,239.4162,0.0002
28.7480,239.5832,0.0002
28.7680,239.7499,0.0002
28.7880,239.9166,0.0002
28.8080,240.0834,0.0002
28.8280,240.2499,0.0002
28.8480,240.4167,0.0002
28.8680,240.5831,0.0002
28.8880,240.7490,0.0002
28.9080,240.9164,0.0002
28.9280,241.0836,0.0002
28.9480,241.2504,0.0002
28.9680,241.4171,0.0002
28.9880,241.5834,0.0002
29.0080,241.7495,0.0002
29.0280,241.9168,0.0002
29.0480,242.0835,0.0002
29.0680,242.2504,0.0002
29.0880,242.4175,0.0002
29.1080,242.5832,0.0002
29.1280,242.7502,0.0002
29.1480,242.9169,0.0002
29.1680,243.0827,0.0002
29.1880,243.2499,0.0002
29.2080,243.4168,0.0002
29.2280,243.5833,0.0002
29.2480,243.7501,0.0002
29.2680,243.9165,0.0002
29.2880,244.0828,0.0002
29.3080,244.2498,0.0002
29.3280,244.4169,0.0002
29.3480,244.5831,0.0002
29.3680,244.7498,0.0002
29.3880,244.9162,0.0002
29.4080,245.0829,0.0002
29.4280,245.2500,0.0002
29.4480,245.4162,0.0002
29.4680,245.5828,0.0002
29.4880,245.7500,0.0002
29.5080,245.9165,0.0002
29.5220,246.0333,0.0002
